,Source,Target,Type,Weight,book
0,Velerad,Geralt,Undirected,1,1
1,Geralt,Foltest,Undirected,5,1
2,Foltest,Geralt,Undirected,4,1
3,Adda,Geralt,Undirected,1,1
4,Geralt,Ostrit,Undirected,4,1
5,Ostrit,Geralt,Undirected,5,1
6,Ostrit,Foltest,Undirected,1,1
7,Ostrit,Velerad,Undirected,1,1
8,Foltest,Velerad,Undirected,1,1
9,Foltest,Adda,Undirected,1,1
10,Geralt,Adda,Undirected,2,1
11,Foltest,Two,Undirected,1,1
12,Yennefer,Nenneke,Undirected,2,1
13,Nenneke,Geralt,Undirected,12,1
14,Geralt,Nenneke,Undirected,12,1
15,Geralt,Iola,Undirected,4,1
16,Nenneke,Iola,Undirected,8,1
17,Roach,Geralt,Undirected,3,1
18,Two,Geralt,Undirected,2,1
19,Geralt,Roach,Undirected,4,1
20,Geralt,Nivellen,Undirected,14,1
21,Nivellen,Geralt,Undirected,11,1
22,Fenne,Geralt,Undirected,1,1
23,Geralt,Fenne,Undirected,1,1
24,Asse,Geralt,Undirected,2,1
25,Roach,Vereena,Undirected,2,1
26,Vereena,Geralt,Undirected,4,1
27,Vereena,Nivellen,Undirected,2,1
28,Hereward,Nenneke,Undirected,5,1
29,Hereward,Geralt,Undirected,4,1
30,Nenneke,Hereward,Undirected,4,1
31,Geralt,Hereward,Undirected,3,1
32,Nenneke,Falwick,Undirected,4,1
33,Falwick,Nenneke,Undirected,6,1
34,Geralt,Falwick,Undirected,5,1
35,Hereward,Falwick,Undirected,3,1
36,Falwick,Geralt,Undirected,3,1
37,Falwick,Hereward,Undirected,2,1
38,Geralt,Caldemeyn,Undirected,4,1
39,Caldemeyn,Geralt,Undirected,9,1
40,Stregobor,Count,Undirected,1,1
41,Stregobor,Geralt,Undirected,4,1
42,Geralt,Eltibald,Undirected,1,1
43,Stregobor,Fredefalk,Undirected,2,1
44,Geralt,Fredefalk,Undirected,2,1
45,Fredefalk,Geralt,Undirected,1,1
46,Geralt,Stregobor,Undirected,8,1
47,Fredefalk,Renfri,Undirected,2,1
48,Renfri,Fredefalk,Undirected,2,1
49,Nohorn,Geralt,Undirected,1,1
50,Nohorn,Tavik,Undirected,1,1
51,Civril,Tavik,Undirected,3,1
52,Tavik,Fifteen,Undirected,1,1
53,Fifteen,Tavik,Undirected,1,1
54,Civril,Renfri,Undirected,4,1
55,Renfri,Civril,Undirected,1,1
56,Renfri,Tavik,Undirected,1,1
57,Tavik,Renfri,Undirected,1,1
58,Tavik,Caldemeyn,Undirected,1,1
59,Renfri,Caldemeyn,Undirected,3,1
60,Caldemeyn,Renfri,Undirected,2,1
61,Geralt,Renfri,Undirected,11,1
62,Renfri,Audoen,Undirected,3,1
63,Audoen,Caldemeyn,Undirected,2,1
64,Geralt,Libushe,Undirected,1,1
65,Libushe,Geralt,Undirected,2,1
66,Renfri,Stregobor,Undirected,4,1
67,Geralt,Audoen,Undirected,2,1
68,Stregobor,Audoen,Undirected,1,1
69,Stregobor,Renfri,Undirected,8,1
70,Audoen,Renfri,Undirected,2,1
71,Renfri,Geralt,Undirected,8,1
72,Nohorn,Fifteen,Undirected,1,1
73,Nohorn,Civril,Undirected,1,1
74,Fifteen,Civril,Undirected,3,1
75,Baron,Civril,Undirected,1,1
76,Caldemeyn,Stregobor,Undirected,1,1
77,Stregobor,Baron,Undirected,1,1
78,Caldemeyn,Audoen,Undirected,1,1
79,Audoen,Geralt,Undirected,1,1
80,Civril,Fifteen,Undirected,1,1
81,Civril,Geralt,Undirected,1,1
82,Fifteen,Nohorn,Undirected,1,1
83,Iola,Geralt,Undirected,1,1
84,Yennefer,Iola,Undirected,1,1
85,Geralt,Haxo,Undirected,2,1
86,Haxo,Pavetta,Undirected,4,1
87,Haxo,Calanthe,Undirected,1,1
88,Pavetta,Calanthe,Undirected,9,1
89,Calanthe,Geralt,Undirected,17,1
90,Haxo,Geralt,Undirected,3,1
91,Geralt,Rainfarn,Undirected,1,1
92,Rainfarn,Windhalm,Undirected,4,1
93,Calanthe,Eist,Undirected,8,1
94,Calanthe,Pavetta,Undirected,12,1
95,Eist,Pavetta,Undirected,2,1
96,Eist,Calanthe,Undirected,7,1
97,Pavetta,Eist,Undirected,3,1
98,Eist,Crach,Undirected,3,1
99,Crach,Eist,Undirected,3,1
100,Crach,Draig,Undirected,2,1
101,Crach,Calanthe,Undirected,1,1
102,Draig,Calanthe,Undirected,2,1
103,Draig,Eist,Undirected,1,1
104,Calanthe,Drogodar,Undirected,1,1
105,Eist,Drogodar,Undirected,1,1
106,Eist,Vissegerd,Undirected,3,1
107,Drogodar,Vissegerd,Undirected,2,1
108,Geralt,Drogodar,Undirected,1,1
109,Draig,Geralt,Undirected,2,1
110,Geralt,Calanthe,Undirected,5,1
111,Calanthe,Draig,Undirected,1,1
112,Ravix,Haxo,Undirected,2,1
113,Pavetta,Vissegerd,Undirected,1,1
114,Vissegerd,Geralt,Undirected,3,1
115,Crach,Geralt,Undirected,1,1
116,Eist,Geralt,Undirected,3,1
117,Haxo,Mousesack,Undirected,2,1
118,Geralt,Mousesack,Undirected,10,1
119,Mousesack,Crach,Undirected,3,1
120,Mousesack,Draig,Undirected,2,1
121,Mousesack,Calanthe,Undirected,2,1
122,Roegner,Geralt,Undirected,2,1
123,Geralt,Pavetta,Undirected,4,1
124,Calanthe,Roegner,Undirected,2,1
125,Roegner,Calanthe,Undirected,4,1
126,Pavetta,Crach,Undirected,2,1
127,Crach,Vissegerd,Undirected,1,1
128,Vissegerd,Pavetta,Undirected,1,1
129,Pavetta,Geralt,Undirected,6,1
130,Geralt,Eist,Undirected,2,1
131,Draig,Rainfarn,Undirected,1,1
132,Pavetta,Roegner,Undirected,2,1
133,Roegner,Pavetta,Undirected,1,1
134,Pavetta,Mousesack,Undirected,5,1
135,Calanthe,Sir,Undirected,1,1
136,Sir,Rumplestelt,Undirected,1,1
137,Rumplestelt,Calanthe,Undirected,2,1
138,Baron,Calanthe,Undirected,1,1
139,Geralt,Roegner,Undirected,1,1
140,Geralt,Crach,Undirected,2,1
141,Crach,Rainfarn,Undirected,4,1
142,Rainfarn,Calanthe,Undirected,4,1
143,Rainfarn,Crach,Undirected,1,1
144,Calanthe,Crach,Undirected,2,1
145,Rainfarn,Pavetta,Undirected,2,1
146,Rainfarn,Eist,Undirected,1,1
147,Windhalm,Calanthe,Undirected,1,1
148,Windhalm,Pavetta,Undirected,1,1
149,Windhalm,Eist,Undirected,1,1
150,Pavetta,Rainfarn,Undirected,2,1
151,Eist,Mousesack,Undirected,2,1
152,Crach,Drogodar,Undirected,1,1
153,Drogodar,Geralt,Undirected,1,1
154,Crach,Mousesack,Undirected,1,1
155,Mousesack,Geralt,Undirected,1,1
156,Mousesack,Pavetta,Undirected,2,1
157,Pavetta,Draig,Undirected,1,1
158,Calanthe,Rainfarn,Undirected,1,1
159,Rainfarn,Mousesack,Undirected,1,1
160,Akerspaark,Roegner,Undirected,1,1
161,Rainfarn,Geralt,Undirected,1,1
162,Nettly,Geralt,Undirected,2,1
163,Geralt,Nettly,Undirected,3,1
164,Geralt,Dhun,Undirected,7,1
165,Dhun,Geralt,Undirected,3,1
166,Dhun,Nettly,Undirected,4,1
167,Nettly,Dhun,Undirected,3,1
168,Lille,Dhun,Undirected,2,1
169,Dhun,Lille,Undirected,3,1
170,Lille,Geralt,Undirected,6,1
171,Geralt,Lille,Undirected,6,1
172,Nettly,Lille,Undirected,2,1
173,Geralt,Little,Undirected,1,1
174,Torque,Galarr,Undirected,3,1
175,Galarr,Geralt,Undirected,3,1
176,Geralt,Galarr,Undirected,3,1
177,Galarr,Torque,Undirected,1,1
178,Geralt,Torque,Undirected,6,1
179,Aen,Geralt,Undirected,2,1
180,Aen,Vanadain,Undirected,1,1
181,Geralt,Vanadain,Undirected,2,1
182,Geralt,Toruviel,Undirected,7,1
183,Vanadain,Toruviel,Undirected,1,1
184,Vanadain,Geralt,Undirected,2,1
185,Toruviel,Geralt,Undirected,5,1
186,Toruviel,Torque,Undirected,1,1
187,Toruviel,Vanadain,Undirected,1,1
188,Toruviel,Galarr,Undirected,1,1
189,Torque,Vanadain,Undirected,1,1
190,Vanadain,Galarr,Undirected,1,1
191,Torque,Toruviel,Undirected,2,1
192,Torque,Geralt,Undirected,3,1
193,Filavandrel,Geralt,Undirected,3,1
194,Geralt,Filavandrel,Undirected,5,1
195,Filavandrel,Toruviel,Undirected,5,1
196,Toruviel,Filavandrel,Undirected,4,1
197,Filavandrel,Torque,Undirected,2,1
198,Filavandrel,Aen,Undirected,1,1
199,Toruviel,Aen,Undirected,1,1
200,Filavandrel,Lille,Undirected,2,1
201,Lille,Field,Undirected,1,1
202,Field,Filavandrel,Undirected,1,1
203,Toruviel,Lille,Undirected,1,1
204,Torque,Field,Undirected,1,1
205,Torque,Lille,Undirected,1,1
206,Nenneke,Yennefer,Undirected,1,1
207,Geralt,Yennefer,Undirected,22,1
208,King,Geralt,Undirected,1,1
209,Chireadan,Errdil,Undirected,2,1
210,Chireadan,Vratimir,Undirected,2,1
211,Chireadan,Geralt,Undirected,15,1
212,Errdil,Vratimir,Undirected,3,1
213,Errdil,Geralt,Undirected,3,1
214,Vratimir,Geralt,Undirected,3,1
215,Geralt,Vratimir,Undirected,2,1
216,Geralt,Chireadan,Undirected,9,1
217,Vratimir,Chireadan,Undirected,1,1
218,Geralt,King,Undirected,1,1
219,Errdil,Chireadan,Undirected,5,1
220,Geralt,Beau,Undirected,4,1
221,Beau,Chireadan,Undirected,3,1
222,Yennefer,Geralt,Undirected,23,1
223,Geralt,Triss,Undirected,1,1
224,Triss,Beau,Undirected,1,1
225,Two,Yennefer,Undirected,1,1
226,Yennefer,Errdil,Undirected,3,1
227,Errdil,Yennefer,Undirected,1,1
228,Vratimir,Yennefer,Undirected,2,1
229,Chireadan,Yennefer,Undirected,7,1
230,Yennefer,Beau,Undirected,1,1
231,Yennefer,Chireadan,Undirected,3,1
232,Beau,Yennefer,Undirected,1,1
233,Geralt,Sir,Undirected,1,1
234,Geralt,Laurelnose,Undirected,3,1
235,Chireadan,Laurelnose,Undirected,1,1
236,Laurelnose,Yennefer,Undirected,1,1
237,Laurelnose,Chireadan,Undirected,1,1
238,Laurelnose,Geralt,Undirected,2,1
239,Yennefer,Laurelnose,Undirected,1,1
240,Laurelnose,Neville,Undirected,1,1
241,Neville,Yennefer,Undirected,1,1
242,Geralt,Neville,Undirected,2,1
243,Neville,Geralt,Undirected,1,1
244,Neville,Laurelnose,Undirected,1,1
245,Yennefer,Neville,Undirected,1,1
246,Geralt,Eskel,Undirected,1,1
247,Geralt,Vesemir,Undirected,1,1
248,Eskel,Vesemir,Undirected,1,1
249,Eskel,Errdil,Undirected,1,1
250,Vesemir,Errdil,Undirected,1,1
251,Neville,Chireadan,Undirected,1,1
252,Neville,Errdil,Undirected,1,1
253,Chireadan,Neville,Undirected,1,1
254,Geralt,Dennis,Undirected,3,1
255,Dennis,Geralt,Undirected,3,1
256,Falwick,Dennis,Undirected,1,1
257,Falwick,Count,Undirected,2,1
258,Dennis,Count,Undirected,2,1
259,Dennis,Falwick,Undirected,1,1
260,Geralt,Count,Undirected,1,1
261,Nenneke,Count,Undirected,1,1
262,Count,Dennis,Undirected,1,1
263,Count,Geralt,Undirected,1,1
264,Iola,Nenneke,Undirected,1,1
265,Yennefer,Geralt,Undirected,25,2
266,Istredd,Geralt,Undirected,24,2
267,Istredd,Yennefer,Undirected,10,2
268,Geralt,Yennefer,Undirected,7,2
269,Yennefer,Istredd,Undirected,4,2
270,Geralt,Herbolth,Undirected,15,2
271,Herbolth,Geralt,Undirected,12,2
272,Geralt,Seven,Undirected,1,2
273,Herbolth,Seven,Undirected,1,2
274,Seven,Sir,Undirected,1,2
275,Sir,Herbolth,Undirected,1,2
276,Istredd,Herbolth,Undirected,5,2
277,Herbolth,Istredd,Undirected,2,2
278,Geralt,Istredd,Undirected,24,2
279,Istredd,Beau,Undirected,1,2
280,Yennefer,Beau,Undirected,1,2
281,Beau,Istredd,Undirected,1,2
282,Vespula,Dandelion,Undirected,3,2
283,Vespula,Geralt,Undirected,4,2
284,Dandelion,Geralt,Undirected,74,2
285,Geralt,Dandelion,Undirected,88,2
286,Dandelion,Gar,Undirected,2,2
287,Geralt,Gar,Undirected,1,2
288,Gar,Dandelion,Undirected,2,2
289,Geralt,Dudu,Undirected,10,2
290,Dandelion,Dudu,Undirected,3,2
291,Dudu,Geralt,Undirected,4,2
292,Vimme,Dandelion,Undirected,4,2
293,Dandelion,Vimme,Undirected,3,2
294,Geralt,Vimme,Undirected,1,2
295,Vimme,Geralt,Undirected,2,2
296,Dandelion,Vespula,Undirected,4,2
297,Dudu,Dandelion,Undirected,1,2
298,Dandelion,Little,Undirected,6,2
299,Dandelion,Sword,Undirected,4,2
300,Little,Sword,Undirected,1,2
301,Little,Geralt,Undirected,9,2
302,Sword,Geralt,Undirected,2,2
303,Geralt,Agloval,Undirected,12,2
304,Agloval,Geralt,Undirected,11,2
305,Dandelion,Teleri,Undirected,2,2
306,Geralt,Teleri,Undirected,1,2
307,Geralt,Essi,Undirected,29,2
308,Teleri,Geralt,Undirected,1,2
309,Teleri,Dandelion,Undirected,1,2
310,Teleri,Essi,Undirected,1,2
311,Dandelion,Essi,Undirected,11,2
312,Essi,Geralt,Undirected,23,2
313,Essi,Dandelion,Undirected,7,2
314,Little,Dandelion,Undirected,7,2
315,Geralt,Little,Undirected,3,2
316,Little,Agloval,Undirected,4,2
317,Little,Essi,Undirected,4,2
318,Agloval,Essi,Undirected,12,2
319,Agloval,Dandelion,Undirected,3,2
320,Dandelion,Duke,Undirected,1,2
321,Geralt,Duke,Undirected,3,2
322,Duke,Dandelion,Undirected,1,2
323,Duke,Geralt,Undirected,3,2
324,Geralt,Zelest,Undirected,5,2
325,Dandelion,Zelest,Undirected,2,2
326,Dandelion,Agloval,Undirected,3,2
327,Zelest,Agloval,Undirected,4,2
328,Agloval,Zelest,Undirected,2,2
329,Zelest,Geralt,Undirected,7,2
330,Zelest,Duke,Undirected,2,2
331,Duke,Agloval,Undirected,2,2
332,Agloval,Duke,Undirected,1,2
333,Dandelion,Veverka,Undirected,2,2
334,Veverka,Dandelion,Undirected,1,2
335,Essi,Little,Undirected,5,2
336,Yennefer,Dandelion,Undirected,2,2
337,Dandelion,Yennefer,Undirected,1,2
338,Essi,Agloval,Undirected,9,2
339,Agloval,Little,Undirected,3,2
340,Essi,Yennefer,Undirected,1,2
341,Duke,Zelest,Undirected,1,2
342,Dandelion,Braenn,Undirected,2,2
343,Sword,Braenn,Undirected,1,2
344,Braenn,Geralt,Undirected,18,2
345,Geralt,Freixenet,Undirected,15,2
346,Freixenet,Geralt,Undirected,12,2
347,Geralt,Eithné,Undirected,13,2
348,Eithné,Geralt,Undirected,18,2
349,Geralt,Braenn,Undirected,17,2
350,Braenn,Ciri,Undirected,10,2
351,Geralt,Ciri,Undirected,35,2
352,Ciri,Braenn,Undirected,13,2
353,Ciri,Sir,Undirected,2,2
354,Braenn,Sir,Undirected,2,2
355,Sir,Freixenet,Undirected,2,2
356,Braenn,Eithné,Undirected,7,2
357,Eithné,Braenn,Undirected,7,2
358,Ciri,Geralt,Undirected,18,2
359,Eithné,Ciri,Undirected,10,2
360,Ciri,Eithné,Undirected,9,2
361,Geralt,Aen,Undirected,1,2
362,Aen,Braenn,Undirected,2,2
363,Aen,Geralt,Undirected,1,2
364,Ciri,Freixenet,Undirected,6,2
365,Braenn,Freixenet,Undirected,1,2
366,Freixenet,Ciri,Undirected,7,2
367,Eithné,Venzlav,Undirected,2,2
368,Geralt,Venzlav,Undirected,6,2
369,Venzlav,Eithné,Undirected,1,2
370,Venzlav,Freixenet,Undirected,4,2
371,Eithné,Freixenet,Undirected,1,2
372,Freixenet,Eithné,Undirected,1,2
373,Venzlav,Geralt,Undirected,2,2
374,Freixenet,Braenn,Undirected,1,2
375,Yennefer,Eithné,Undirected,1,2
376,Eithné,Calanthe,Undirected,1,2
377,Geralt,Calanthe,Undirected,21,2
378,Calanthe,Eithné,Undirected,2,2
379,Ciri,Pavetta,Undirected,2,2
380,Pavetta,Ciri,Undirected,2,2
381,Two,Ciri,Undirected,1,2
382,Ciri,Guy,Undirected,1,2
383,Braenn,Mousesack,Undirected,1,2
384,Calanthe,Ciri,Undirected,1,2
385,Calanthe,Mousesack,Undirected,4,2
386,Ciri,Mousesack,Undirected,2,2
387,Mousesack,Ciri,Undirected,3,2
388,Geralt,Mousesack,Undirected,12,2
389,Mousesack,Geralt,Undirected,8,2
390,Yurga,King,Undirected,3,2
391,King,Yurga,Undirected,2,2
392,Yurga,Sir,Undirected,1,2
393,Sir,Yurga,Undirected,2,2
394,Yurga,Yennefer,Undirected,1,2
395,Yennefer,Yurga,Undirected,1,2
396,Geralt,King,Undirected,1,2
397,King,Geralt,Undirected,3,2
398,Geralt,Yurga,Undirected,27,2
399,Yurga,Mousesack,Undirected,1,2
400,Mousesack,Calanthe,Undirected,5,2
401,Calanthe,Geralt,Undirected,22,2
402,Calanthe,Pavetta,Undirected,6,2
403,Geralt,Pavetta,Undirected,4,2
404,Pavetta,Calanthe,Undirected,8,2
405,Pavetta,Geralt,Undirected,8,2
406,Yurga,Visenna,Undirected,2,2
407,Visenna,Geralt,Undirected,17,2
408,Geralt,Visenna,Undirected,10,2
409,Visenna,Yurga,Undirected,2,2
410,Yurga,Geralt,Undirected,21,2
411,Geralt,Triss,Undirected,1,2
412,Yurga,Triss,Undirected,1,2
413,Triss,Geralt,Undirected,2,2
414,Geralt,Roach,Undirected,2,2
415,Yurga,Roach,Undirected,1,2
416,Roach,Yurga,Undirected,2,2
417,Roach,Dandelion,Undirected,3,2
418,Roach,Geralt,Undirected,2,2
419,Dandelion,Calanthe,Undirected,4,2
420,Calanthe,Dandelion,Undirected,1,2
421,Ciri,Dandelion,Undirected,1,2
422,Yurga,Ciri,Undirected,5,2
423,Ciri,Yurga,Undirected,2,2
424,Ciri,Geralt,Undirected,58,3
425,Geralt,Ciri,Undirected,48,3
426,Baron,Dandelion,Undirected,3,3
427,Dandelion,Geralt,Undirected,13,3
428,Dandelion,Yennefer,Undirected,11,3
429,Geralt,Yennefer,Undirected,19,3
430,Geralt,Dandelion,Undirected,16,3
431,Yennefer,Dandelion,Undirected,8,3
432,Yennefer,Geralt,Undirected,20,3
433,Dandelion,Baron,Undirected,2,3
434,Geralt,Baron,Undirected,1,3
435,Dandelion,Sheldon,Undirected,2,3
436,Dandelion,Donimir,Undirected,1,3
437,Sheldon,Donimir,Undirected,2,3
438,Donimir,Sheldon,Undirected,1,3
439,Donimir,Two,Undirected,1,3
440,Two,Dandelion,Undirected,3,3
441,Calanthe,Dandelion,Undirected,1,3
442,Dandelion,Calanthe,Undirected,2,3
443,Sheldon,Baron,Undirected,1,3
444,Sheldon,Dandelion,Undirected,2,3
445,Baron,Sheldon,Undirected,1,3
446,Little,Dandelion,Undirected,1,3
447,Dandelion,Rience,Undirected,19,3
448,Rience,Dandelion,Undirected,29,3
449,Ciri,Dandelion,Undirected,4,3
450,Rience,Ciri,Undirected,1,3
451,Dandelion,Ciri,Undirected,2,3
452,Ciri,Rience,Undirected,1,3
453,Rience,Geralt,Undirected,20,3
454,Dandelion,Sir,Undirected,1,3
455,Sir,Rience,Undirected,1,3
456,Sir,Dandelion,Undirected,1,3
457,Rience,Yennefer,Undirected,5,3
458,King,Dandelion,Undirected,4,3
459,Yennefer,Calanthe,Undirected,2,3
460,Geralt,Calanthe,Undirected,1,3
461,Calanthe,Geralt,Undirected,3,3
462,Calanthe,Rience,Undirected,1,3
463,Geralt,Rience,Undirected,10,3
464,Yennefer,Rience,Undirected,1,3
465,Ciri,Yennefer,Undirected,68,3
466,Ciri,Roach,Undirected,2,3
467,Eskel,Ciri,Undirected,5,3
468,Ciri,Eskel,Undirected,5,3
469,Eskel,Roach,Undirected,2,3
470,Roach,Ciri,Undirected,1,3
471,Roach,Eskel,Undirected,1,3
472,Ciri,Lambert,Undirected,14,3
473,Lambert,Ciri,Undirected,14,3
474,Ciri,Vesemir,Undirected,11,3
475,Vesemir,Geralt,Undirected,9,3
476,Triss,Ciri,Undirected,64,3
477,Ciri,Triss,Undirected,68,3
478,Geralt,Triss,Undirected,44,3
479,Triss,Geralt,Undirected,34,3
480,Triss,Lambert,Undirected,6,3
481,Lambert,Vesemir,Undirected,4,3
482,Vesemir,Ciri,Undirected,15,3
483,Lambert,Triss,Undirected,8,3
484,Triss,Vesemir,Undirected,14,3
485,Vesemir,Triss,Undirected,9,3
486,Vesemir,Lambert,Undirected,4,3
487,Lambert,Geralt,Undirected,6,3
488,Triss,Yennefer,Undirected,8,3
489,Yennefer,Triss,Undirected,3,3
490,Ciri,Two,Undirected,3,3
491,Ciri,Calanthe,Undirected,5,3
492,Vesemir,Eskel,Undirected,1,3
493,Eskel,Triss,Undirected,4,3
494,Triss,Eskel,Undirected,4,3
495,Eskel,Vesemir,Undirected,2,3
496,Eskel,Geralt,Undirected,2,3
497,Geralt,Vesemir,Undirected,5,3
498,Nenneke,Ciri,Undirected,16,3
499,Ciri,Vanielle,Undirected,1,3
500,Triss,Vanielle,Undirected,1,3
501,Vanielle,Ciri,Undirected,1,3
502,Yennefer,Ciri,Undirected,56,3
503,Geralt,Ori,Undirected,1,3
504,Ciri,Ori,Undirected,1,3
505,Ori,Ciri,Undirected,1,3
506,Beau,Ciri,Undirected,1,3
507,Eskel,Lambert,Undirected,1,3
508,Geralt,Eskel,Undirected,1,3
509,Calanthe,Ciri,Undirected,2,3
510,Yennefer,Vanielle,Undirected,1,3
511,Vanielle,Yennefer,Undirected,1,3
512,Vanielle,Geralt,Undirected,1,3
513,Two,Ciri,Undirected,1,3
514,Two,Triss,Undirected,1,3
515,Triss,Forest,Undirected,1,3
516,Forest,Geralt,Undirected,1,3
517,Geralt,Yarpen,Undirected,8,3
518,Yarpen,Geralt,Undirected,14,3
519,Triss,Yarpen,Undirected,7,3
520,Yarpen,Ciri,Undirected,12,3
521,Ciri,Yarpen,Undirected,24,3
522,Triss,King,Undirected,1,3
523,Ciri,King,Undirected,2,3
524,King,Geralt,Undirected,3,3
525,Xavier,Yarpen,Undirected,1,3
526,Xavier,Regan,Undirected,1,3
527,Yarpen,Regan,Undirected,1,3
528,Yannick,Yarpen,Undirected,1,3
529,Paulie,Xavier,Undirected,1,3
530,Xavier,Paulie,Undirected,1,3
531,Paulie,Yannick,Undirected,1,3
532,Yannick,Ciri,Undirected,1,3
533,Yennefer,Yarpen,Undirected,1,3
534,Regan,Yarpen,Undirected,1,3
535,Yarpen,Triss,Undirected,3,3
536,King,Yarpen,Undirected,2,3
537,Yannick,Paulie,Undirected,1,3
538,Paulie,Yarpen,Undirected,3,3
539,Paulie,Triss,Undirected,1,3
540,King,Henselt,Undirected,2,3
541,King,Ciri,Undirected,1,3
542,Henselt,Ciri,Undirected,1,3
543,Ciri,Aelirenn,Undirected,5,3
544,Aelirenn,Ciri,Undirected,2,3
545,Aelirenn,Yarpen,Undirected,1,3
546,Yarpen,Aelirenn,Undirected,1,3
547,Ciri,Yannick,Undirected,2,3
548,Yarpen,Yannick,Undirected,1,3
549,Ciri,Regan,Undirected,2,3
550,Regan,Ciri,Undirected,2,3
551,Ciri,Paulie,Undirected,5,3
552,Paulie,Ciri,Undirected,3,3
553,Ciri,Sword,Undirected,1,3
554,Paulie,Sword,Undirected,1,3
555,Sword,Paulie,Undirected,2,3
556,Yannick,Regan,Undirected,1,3
557,Everett,Geralt,Undirected,11,3
558,Everett,Ciri,Undirected,1,3
559,Ciri,Iola,Undirected,6,3
560,Nenneke,Geralt,Undirected,4,3
561,Nenneke,Beau,Undirected,1,3
562,Geralt,Beau,Undirected,1,3
563,Geralt,Nenneke,Undirected,4,3
564,Beau,Nenneke,Undirected,1,3
565,Beau,Geralt,Undirected,1,3
566,Beau,Iola,Undirected,1,3
567,Nenneke,Iola,Undirected,2,3
568,Geralt,Iola,Undirected,2,3
569,Ciri,Nenneke,Undirected,12,3
570,Geralt,Everett,Undirected,6,3
571,Everett,Foltest,Undirected,1,3
572,Geralt,Foltest,Undirected,1,3
573,Geralt,King,Undirected,3,3
574,Everett,Dandelion,Undirected,1,3
575,Dandelion,Two,Undirected,3,3
576,Dandelion,Shani,Undirected,9,3
577,Shani,Dandelion,Undirected,8,3
578,Shani,Two,Undirected,1,3
579,Dandelion,King,Undirected,3,3
580,Dandelion,Ori,Undirected,2,3
581,Ori,Philippa,Undirected,2,3
582,Rience,Philippa,Undirected,6,3
583,Philippa,Dandelion,Undirected,8,3
584,Dandelion,Philippa,Undirected,15,3
585,Philippa,Ori,Undirected,1,3
586,Philippa,Rience,Undirected,7,3
587,Ori,Rience,Undirected,3,3
588,Philippa,Geralt,Undirected,9,3
589,Geralt,Philippa,Undirected,10,3
590,Rience,King,Undirected,1,3
591,King,Philippa,Undirected,1,3
592,Philippa,Yennefer,Undirected,1,3
593,Yennefer,Philippa,Undirected,6,3
594,Ori,Dandelion,Undirected,2,3
595,Geralt,Shani,Undirected,7,3
596,Shani,Geralt,Undirected,4,3
597,Yennefer,Shani,Undirected,1,3
598,Shani,Philippa,Undirected,3,3
599,King,Foltest,Undirected,1,3
600,Foltest,Meve,Undirected,1,3
601,Meve,Henselt,Undirected,4,3
602,Henselt,Ethain,Undirected,1,3
603,Henselt,Crach,Undirected,1,3
604,Ethain,Crach,Undirected,1,3
605,Ethain,Henselt,Undirected,1,3
606,Crach,Henselt,Undirected,1,3
607,Crach,Emhyr,Undirected,1,3
608,Henselt,Emhyr,Undirected,1,3
609,Henselt,Foltest,Undirected,1,3
610,Ithlinne,Emhyr,Undirected,2,3
611,Emhyr,Foltest,Undirected,1,3
612,Henselt,Meve,Undirected,2,3
613,Calanthe,Crach,Undirected,3,3
614,Crach,Foltest,Undirected,1,3
615,Foltest,Henselt,Undirected,1,3
616,Vilgefortz,Emhyr,Undirected,1,3
617,Vilgefortz,Vissegerd,Undirected,1,3
618,Emhyr,Vissegerd,Undirected,1,3
619,Vissegerd,Foltest,Undirected,3,3
620,Vissegerd,Calanthe,Undirected,3,3
621,Foltest,Vissegerd,Undirected,4,3
622,Foltest,Calanthe,Undirected,2,3
623,Calanthe,Foltest,Undirected,3,3
624,Calanthe,Vissegerd,Undirected,1,3
625,Calanthe,Meve,Undirected,2,3
626,Vissegerd,Meve,Undirected,2,3
627,Ekkehard,Venzlav,Undirected,1,3
628,Venzlav,Foltest,Undirected,1,3
629,King,Meve,Undirected,2,3
630,King,Calanthe,Undirected,1,3
631,Meve,Calanthe,Undirected,1,3
632,Meve,Pavetta,Undirected,1,3
633,Meve,Foltest,Undirected,1,3
634,Calanthe,Pavetta,Undirected,1,3
635,Pavetta,Foltest,Undirected,2,3
636,Foltest,Rience,Undirected,1,3
637,Vissegerd,Rience,Undirected,1,3
638,Rience,Calanthe,Undirected,1,3
639,Rience,Foltest,Undirected,1,3
640,Calanthe,Emhyr,Undirected,2,3
641,Henselt,Vissegerd,Undirected,1,3
642,Meve,Vissegerd,Undirected,1,3
643,Foltest,Emhyr,Undirected,1,3
644,Vissegerd,Emhyr,Undirected,1,3
645,Emhyr,Meve,Undirected,1,3
646,Rience,Windhalm,Undirected,1,3
647,Philippa,Shani,Undirected,1,3
648,Nenneke,Yennefer,Undirected,13,3
649,Two,Rience,Undirected,1,3
650,Shani,Little,Undirected,1,3
651,Shani,Rience,Undirected,1,3
652,Little,Rience,Undirected,2,3
653,Artaud,Tissaia,Undirected,5,3
654,Artaud,Vilgefortz,Undirected,4,3
655,Tissaia,Vilgefortz,Undirected,7,3
656,Vilgefortz,Tissaia,Undirected,6,3
657,Tissaia,Lydia,Undirected,7,3
658,Lydia,Tissaia,Undirected,6,3
659,Lydia,Artaud,Undirected,4,3
660,Tissaia,Artaud,Undirected,3,3
661,Tissaia,Two,Undirected,1,3
662,Artaud,Lydia,Undirected,5,3
663,Artaud,Two,Undirected,1,3
664,Lydia,Two,Undirected,1,3
665,Two,Lydia,Undirected,2,3
666,Two,Tissaia,Undirected,1,3
667,Two,Artaud,Undirected,1,3
668,Vilgefortz,Lydia,Undirected,4,3
669,Lydia,Vilgefortz,Undirected,4,3
670,Vilgefortz,Artaud,Undirected,3,3
671,Aen,Tissaia,Undirected,1,3
672,Aen,Vilgefortz,Undirected,1,3
673,Aen,Yennefer,Undirected,1,3
674,Tissaia,Yennefer,Undirected,3,3
675,Vilgefortz,Yennefer,Undirected,2,3
676,Yennefer,Vilgefortz,Undirected,1,3
677,Yennefer,Lydia,Undirected,1,3
678,Yennefer,Artaud,Undirected,1,3
679,Tissaia,Geralt,Undirected,1,3
680,Rience,Sword,Undirected,1,3
681,Sword,Geralt,Undirected,1,3
682,Triss,Philippa,Undirected,4,3
683,Philippa,Ciri,Undirected,4,3
684,Ciri,Shani,Undirected,2,3
685,Tissaia,Iola,Undirected,1,3
686,Iola,Ciri,Undirected,8,3
687,Iola,Yennefer,Undirected,3,3
688,Yennefer,Iola,Undirected,1,3
689,Jarre,Ciri,Undirected,16,3
690,Ciri,Jarre,Undirected,8,3
691,Jarre,Yennefer,Undirected,7,3
692,Jarre,Nenneke,Undirected,1,3
693,Yennefer,Nenneke,Undirected,12,3
694,Yennefer,Jarre,Undirected,7,3
695,Jarre,Forest,Undirected,1,3
696,Jarre,King,Undirected,1,3
697,Jarre,Geralt,Undirected,1,3
698,Iola,Nenneke,Undirected,2,3
699,Ciri,Jan,Undirected,1,3
700,Dandelion,Essi,Undirected,1,3
701,Dandelion,Blue,Undirected,1,3
702,Essi,Blue,Undirected,1,3
703,Essi,Yennefer,Undirected,1,3
704,Blue,Yennefer,Undirected,1,3
705,Blue,Ciri,Undirected,1,3
706,Geralt,Forest,Undirected,2,3
707,Forest,Ciri,Undirected,1,3
708,Crach,Calanthe,Undirected,5,3
709,Crach,Ciri,Undirected,2,3
710,Calanthe,Eist,Undirected,1,3
711,Ciri,Eist,Undirected,1,3
712,Ciri,Crach,Undirected,2,3
713,Eist,Crach,Undirected,2,3
714,Pavetta,Ciri,Undirected,2,3
715,Yennefer,Ithlinne,Undirected,1,3
716,Yennefer,Sword,Undirected,1,3
717,Nenneke,Ithlinne,Undirected,1,3
718,Nenneke,Sword,Undirected,1,3
719,Ithlinne,Sword,Undirected,1,3
720,Ithlinne,Yennefer,Undirected,1,3
721,Ithlinne,Ciri,Undirected,1,3
722,Sword,Yennefer,Undirected,1,3
723,Sword,Ciri,Undirected,1,3
724,Aplegatt,King,Undirected,1,4
725,King,Aplegatt,Undirected,2,4
726,Aplegatt,Meve,Undirected,1,4
727,Aplegatt,Demavend,Undirected,2,4
728,Aplegatt,Emhyr,Undirected,1,4
729,Meve,Demavend,Undirected,1,4
730,Meve,Emhyr,Undirected,1,4
731,Demavend,Emhyr,Undirected,1,4
732,Emhyr,Vissegerd,Undirected,1,4
733,Vissegerd,Forest,Undirected,1,4
734,Aplegatt,Ciri,Undirected,2,4
735,Ciri,Aplegatt,Undirected,2,4
736,Aplegatt,Yennefer,Undirected,1,4
737,Ciri,Yennefer,Undirected,31,4
738,Yennefer,Aplegatt,Undirected,1,4
739,Aplegatt,Foltest,Undirected,1,4
740,Foltest,Demavend,Undirected,2,4
741,Codringher,Geralt,Undirected,9,4
742,Geralt,Codringher,Undirected,12,4
743,Codringher,Dandelion,Undirected,3,4
744,Rience,Calanthe,Undirected,1,4
745,Rience,Codringher,Undirected,8,4
746,Codringher,Rience,Undirected,10,4
747,Rience,Geralt,Undirected,4,4
748,Geralt,Rience,Undirected,6,4
749,Rience,Yennefer,Undirected,2,4
750,Yennefer,Codringher,Undirected,2,4
751,Yennefer,Rience,Undirected,2,4
752,Codringher,Emhyr,Undirected,1,4
753,Codringher,Philippa,Undirected,1,4
754,Emhyr,Philippa,Undirected,2,4
755,Emhyr,Sabrina,Undirected,1,4
756,Emhyr,Henselt,Undirected,2,4
757,Philippa,Sabrina,Undirected,4,4
758,Philippa,Henselt,Undirected,1,4
759,Sabrina,Henselt,Undirected,3,4
760,Sabrina,Rience,Undirected,1,4
761,Henselt,Rience,Undirected,1,4
762,Codringher,Foltest,Undirected,1,4
763,Codringher,Ciri,Undirected,2,4
764,Foltest,Ciri,Undirected,1,4
765,Foltest,Codringher,Undirected,1,4
766,Ciri,Codringher,Undirected,1,4
767,Ciri,Geralt,Undirected,7,4
768,Rience,King,Undirected,1,4
769,Codringher,King,Undirected,1,4
770,Codringher,Calanthe,Undirected,3,4
771,King,Calanthe,Undirected,1,4
772,Geralt,King,Undirected,1,4
773,King,Rience,Undirected,1,4
774,Calanthe,Roegner,Undirected,5,4
775,Roegner,Pavetta,Undirected,4,4
776,Pavetta,Geralt,Undirected,1,4
777,Geralt,Roegner,Undirected,2,4
778,Codringher,Roegner,Undirected,1,4
779,Roegner,Calanthe,Undirected,1,4
780,Roegner,Ciri,Undirected,1,4
781,Ciri,Calanthe,Undirected,1,4
782,Geralt,Calanthe,Undirected,1,4
783,Geralt,Pavetta,Undirected,2,4
784,Calanthe,Pavetta,Undirected,5,4
785,Pavetta,Calanthe,Undirected,3,4
786,Pavetta,Eist,Undirected,1,4
787,Eist,Calanthe,Undirected,1,4
788,Calanthe,Codringher,Undirected,1,4
789,Pavetta,Codringher,Undirected,1,4
790,Emhyr,King,Undirected,1,4
791,Akerspaark,Emhyr,Undirected,1,4
792,Akerspaark,Horm,Undirected,1,4
793,Horm,Codringher,Undirected,1,4
794,Horm,Akerspaark,Undirected,1,4
795,Codringher,Akerspaark,Undirected,1,4
796,Akerspaark,Geralt,Undirected,1,4
797,Geralt,Akerspaark,Undirected,1,4
798,Geralt,Ciri,Undirected,9,4
799,Akerspaark,Pavetta,Undirected,1,4
800,Akerspaark,Ciri,Undirected,1,4
801,Pavetta,Ciri,Undirected,1,4
802,Ithlinne,Aen,Undirected,1,4
803,Ithlinne,Codringher,Undirected,1,4
804,Ithlinne,Geralt,Undirected,1,4
805,Aen,Codringher,Undirected,1,4
806,Aen,Geralt,Undirected,1,4
807,Yennefer,Gar,Undirected,2,4
808,Geralt,Yennefer,Undirected,23,4
809,Little,Aplegatt,Undirected,1,4
810,Demavend,Aplegatt,Undirected,2,4
811,Aplegatt,Gar,Undirected,1,4
812,Gar,Toruviel,Undirected,1,4
813,Gar,Yaevinn,Undirected,1,4
814,Toruviel,Yaevinn,Undirected,1,4
815,Yaevinn,Toruviel,Undirected,2,4
816,Toruviel,Aplegatt,Undirected,1,4
817,Dandelion,Two,Undirected,1,4
818,Yennefer,Ciri,Undirected,26,4
819,Ciri,Yarpen,Undirected,3,4
820,Yarpen,Yennefer,Undirected,2,4
821,Yennefer,Jarre,Undirected,1,4
822,Ciri,Jarre,Undirected,3,4
823,Jarre,Molnar,Undirected,1,4
824,Molnar,Ciri,Undirected,5,4
825,Ciri,Molnar,Undirected,4,4
826,Molnar,Yennefer,Undirected,2,4
827,Yennefer,Molnar,Undirected,5,4
828,Yennefer,Emhyr,Undirected,1,4
829,Foltest,Molnar,Undirected,1,4
830,Yennefer,Fifteen,Undirected,1,4
831,Molnar,Little,Undirected,1,4
832,Little,Yennefer,Undirected,1,4
833,Little,Molnar,Undirected,1,4
834,Fabio,Ciri,Undirected,18,4
835,Ciri,Fabio,Undirected,21,4
836,Fabio,Yennefer,Undirected,2,4
837,Fabio,Molnar,Undirected,1,4
838,Yennefer,Fabio,Undirected,2,4
839,Molnar,Fabio,Undirected,1,4
840,Fabio,Gar,Undirected,1,4
841,Count,Ciri,Undirected,1,4
842,Ciri,Nenneke,Undirected,2,4
843,Fabio,Nenneke,Undirected,1,4
844,Nenneke,Gar,Undirected,1,4
845,Gar,Ciri,Undirected,6,4
846,Two,Ciri,Undirected,3,4
847,Two,Fabio,Undirected,1,4
848,Jarre,Yennefer,Undirected,1,4
849,Ciri,Tissaia,Undirected,3,4
850,Ciri,Anna,Undirected,1,4
851,Anna,Ciri,Undirected,1,4
852,Anna,Yennefer,Undirected,1,4
853,Yennefer,Margarita,Undirected,2,4
854,Tissaia,Margarita,Undirected,2,4
855,Tissaia,Yennefer,Undirected,5,4
856,Tissaia,Ciri,Undirected,2,4
857,Margarita,Yennefer,Undirected,2,4
858,Falka,Rayla,Undirected,2,4
859,Rayla,Ciri,Undirected,1,4
860,Yennefer,Rayla,Undirected,1,4
861,Ciri,Rayla,Undirected,3,4
862,Margarita,Tissaia,Undirected,2,4
863,Ciri,Margarita,Undirected,1,4
864,Tissaia,Geralt,Undirected,4,4
865,Yennefer,Geralt,Undirected,19,4
866,Ciri,Gar,Undirected,2,4
867,Ciri,Yaevinn,Undirected,2,4
868,Ciri,King,Undirected,1,4
869,Ciri,Bran,Undirected,2,4
870,King,Ciri,Undirected,2,4
871,King,Bran,Undirected,1,4
872,Bran,Ciri,Undirected,1,4
873,Dandelion,Falka,Undirected,1,4
874,Count,Dandelion,Undirected,1,4
875,Dandelion,Yennefer,Undirected,1,4
876,Yennefer,Dandelion,Undirected,5,4
877,Dandelion,Ciri,Undirected,4,4
878,Ciri,Dandelion,Undirected,7,4
879,Geralt,Dandelion,Undirected,11,4
880,Sabrina,Geralt,Undirected,3,4
881,Yennefer,Sabrina,Undirected,3,4
882,Geralt,Sabrina,Undirected,3,4
883,Henselt,Sabrina,Undirected,1,4
884,Geralt,Philippa,Undirected,3,4
885,Yennefer,Philippa,Undirected,4,4
886,Sabrina,Yennefer,Undirected,2,4
887,Yennefer,Henselt,Undirected,1,4
888,Henselt,Yennefer,Undirected,1,4
889,Philippa,Triss,Undirected,4,4
890,Triss,Philippa,Undirected,2,4
891,Triss,Yennefer,Undirected,4,4
892,Philippa,Yennefer,Undirected,4,4
893,Yennefer,Triss,Undirected,6,4
894,Triss,Geralt,Undirected,3,4
895,Geralt,Triss,Undirected,4,4
896,Geralt,Esterad,Undirected,1,4
897,Triss,Esterad,Undirected,2,4
898,Geralt,Vilgefortz,Undirected,12,4
899,Geralt,Francesca,Undirected,1,4
900,Vilgefortz,Francesca,Undirected,3,4
901,Vilgefortz,Carduin,Undirected,2,4
902,Carduin,Philippa,Undirected,2,4
903,Philippa,Geralt,Undirected,3,4
904,Geralt,Count,Undirected,1,4
905,Two,King,Undirected,1,4
906,Francesca,Sabrina,Undirected,1,4
907,Marti,Sabrina,Undirected,2,4
908,Sabrina,Marti,Undirected,2,4
909,Marti,Geralt,Undirected,2,4
910,Geralt,Dorregaray,Undirected,5,4
911,Yennefer,Dorregaray,Undirected,1,4
912,Dorregaray,Geralt,Undirected,3,4
913,Sabrina,Dorregaray,Undirected,1,4
914,Philippa,Dorregaray,Undirected,1,4
915,Dorregaray,Sabrina,Undirected,1,4
916,Sabrina,Ethain,Undirected,1,4
917,Ethain,Sabrina,Undirected,1,4
918,Ethain,Henselt,Undirected,1,4
919,Henselt,Marti,Undirected,1,4
920,Yennefer,Keira,Undirected,2,4
921,Keira,Sabrina,Undirected,1,4
922,Sabrina,Keira,Undirected,1,4
923,Keira,Marti,Undirected,2,4
924,Keira,Philippa,Undirected,1,4
925,Marti,Philippa,Undirected,2,4
926,Philippa,Keira,Undirected,3,4
927,Philippa,Marti,Undirected,2,4
928,Yennefer,Vilgefortz,Undirected,5,4
929,Yennefer,Artaud,Undirected,1,4
930,Yennefer,Francesca,Undirected,2,4
931,Yennefer,Tissaia,Undirected,5,4
932,Artaud,Yennefer,Undirected,1,4
933,Artaud,Francesca,Undirected,1,4
934,Artaud,Tissaia,Undirected,2,4
935,Francesca,Tissaia,Undirected,2,4
936,Tissaia,Vilgefortz,Undirected,8,4
937,Vilgefortz,Geralt,Undirected,10,4
938,Vilgefortz,Yennefer,Undirected,4,4
939,Vilgefortz,Tissaia,Undirected,1,4
940,Lydia,Vilgefortz,Undirected,4,4
941,Geralt,Lydia,Undirected,4,4
942,Beau,Vilgefortz,Undirected,1,4
943,Leticia,Tissaia,Undirected,1,4
944,Leticia,Lydia,Undirected,1,4
945,Tissaia,Lydia,Undirected,3,4
946,Lydia,Geralt,Undirected,3,4
947,Lydia,Falka,Undirected,1,4
948,Geralt,Falka,Undirected,3,4
949,Aen,Lydia,Undirected,1,4
950,Lydia,Ciri,Undirected,1,4
951,Ciri,Lydia,Undirected,1,4
952,Geralt,Gar,Undirected,3,4
953,Yennefer,Lydia,Undirected,1,4
954,Vilgefortz,Ciri,Undirected,1,4
955,Vilgefortz,Codringher,Undirected,2,4
956,Ciri,Triss,Undirected,1,4
957,Falka,Pavetta,Undirected,2,4
958,Falka,Ithlinne,Undirected,2,4
959,Pavetta,Falka,Undirected,1,4
960,Pavetta,Ithlinne,Undirected,1,4
961,Ithlinne,Falka,Undirected,1,4
962,Falka,Codringher,Undirected,1,4
963,Codringher,Falka,Undirected,1,4
964,Falka,Geralt,Undirected,1,4
965,Rience,Emhyr,Undirected,1,4
966,Artaud,Keira,Undirected,1,4
967,Artaud,Geralt,Undirected,1,4
968,Keira,Geralt,Undirected,5,4
969,Geralt,Keira,Undirected,3,4
970,Keira,Yennefer,Undirected,3,4
971,Lydia,Sabrina,Undirected,1,4
972,Sabrina,Triss,Undirected,1,4
973,Sabrina,Lydia,Undirected,1,4
974,Triss,Lydia,Undirected,2,4
975,Triss,Vilgefortz,Undirected,2,4
976,Gar,Philippa,Undirected,2,4
977,Gar,Marti,Undirected,1,4
978,Lydia,Tissaia,Undirected,1,4
979,Geralt,Tissaia,Undirected,2,4
980,Geralt,Artaud,Undirected,1,4
981,Tissaia,Artaud,Undirected,1,4
982,Tissaia,Philippa,Undirected,6,4
983,Lydia,Artaud,Undirected,1,4
984,Lydia,Philippa,Undirected,3,4
985,Artaud,Philippa,Undirected,2,4
986,Philippa,Tissaia,Undirected,3,4
987,Triss,Keira,Undirected,1,4
988,Triss,Tissaia,Undirected,1,4
989,Keira,Tissaia,Undirected,2,4
990,Tissaia,Francesca,Undirected,3,4
991,Keira,Gar,Undirected,4,4
992,Sigismund,Voymir,Undirected,1,4
993,Philippa,King,Undirected,3,4
994,Dorregaray,Marti,Undirected,1,4
995,Dorregaray,Carduin,Undirected,2,4
996,Marti,Carduin,Undirected,2,4
997,Marti,Gar,Undirected,1,4
998,Carduin,Gar,Undirected,3,4
999,Gar,Carduin,Undirected,1,4
1000,Philippa,Carduin,Undirected,1,4
1001,Carduin,Tissaia,Undirected,1,4
1002,Gar,Tissaia,Undirected,1,4
1003,Gar,Francesca,Undirected,1,4
1004,Francesca,Vilgefortz,Undirected,1,4
1005,Francesca,Marti,Undirected,1,4
1006,Francesca,Dorregaray,Undirected,1,4
1007,Vilgefortz,Marti,Undirected,1,4
1008,Vilgefortz,Dorregaray,Undirected,1,4
1009,Marti,Dorregaray,Undirected,1,4
1010,Gar,Yennefer,Undirected,3,4
1011,Gar,Keira,Undirected,1,4
1012,Keira,Vilgefortz,Undirected,1,4
1013,Philippa,Demavend,Undirected,2,4
1014,Sabrina,Demavend,Undirected,1,4
1015,Sabrina,Tissaia,Undirected,1,4
1016,Demavend,Tissaia,Undirected,1,4
1017,Demavend,Philippa,Undirected,1,4
1018,Tissaia,Demavend,Undirected,1,4
1019,Esterad,Carduin,Undirected,1,4
1020,Esterad,Sabrina,Undirected,1,4
1021,Carduin,Sabrina,Undirected,1,4
1022,Sabrina,Emhyr,Undirected,1,4
1023,Emhyr,Vilgefortz,Undirected,4,4
1024,Vilgefortz,Emhyr,Undirected,5,4
1025,Francesca,Emhyr,Undirected,1,4
1026,Francesca,Philippa,Undirected,1,4
1027,Philippa,Lydia,Undirected,2,4
1028,Emhyr,Tissaia,Undirected,1,4
1029,Sabrina,Foltest,Undirected,1,4
1030,Sabrina,Philippa,Undirected,1,4
1031,Foltest,Philippa,Undirected,1,4
1032,Foltest,King,Undirected,2,4
1033,King,Tissaia,Undirected,2,4
1034,King,Philippa,Undirected,1,4
1035,Rience,Vilgefortz,Undirected,1,4
1036,Margarita,Ciri,Undirected,1,4
1037,Ciri,Emhyr,Undirected,2,4
1038,Emhyr,Ciri,Undirected,2,4
1039,Ciri,Vilgefortz,Undirected,4,4
1040,Gar,Vilgefortz,Undirected,1,4
1041,Emhyr,Geralt,Undirected,1,4
1042,Artaud,Emhyr,Undirected,1,4
1043,Artaud,Vilgefortz,Undirected,1,4
1044,Emhyr,Codringher,Undirected,1,4
1045,Gar,Triss,Undirected,1,4
1046,Triss,King,Undirected,1,4
1047,Tissaia,Triss,Undirected,1,4
1048,Emhyr,Morvran,Undirected,1,4
1049,Emhyr,Jan,Undirected,1,4
1050,Morvran,Jan,Undirected,1,4
1051,Dandelion,Venzlav,Undirected,1,4
1052,Dandelion,Geralt,Undirected,8,4
1053,Gar,Geralt,Undirected,1,4
1054,Dandelion,Triss,Undirected,2,4
1055,Triss,Venzlav,Undirected,1,4
1056,Venzlav,Geralt,Undirected,1,4
1057,Venzlav,Dandelion,Undirected,1,4
1058,Geralt,Fauve,Undirected,1,4
1059,Fauve,Dandelion,Undirected,2,4
1060,Emhyr,Two,Undirected,1,4
1061,King,Demavend,Undirected,1,4
1062,Bronibor,Foltest,Undirected,1,4
1063,Bronibor,Emhyr,Undirected,1,4
1064,Foltest,Emhyr,Undirected,3,4
1065,Demavend,Hereward,Undirected,2,4
1066,Hereward,Emhyr,Undirected,1,4
1067,King,Emhyr,Undirected,1,4
1068,Ciri,Henselt,Undirected,1,4
1069,Henselt,Foltest,Undirected,1,4
1070,Henselt,Demavend,Undirected,1,4
1071,Demavend,Dandelion,Undirected,1,4
1072,Dandelion,Menno,Undirected,1,4
1073,Menno,Geralt,Undirected,1,4
1074,Esterad,Vilgefortz,Undirected,2,4
1075,Esterad,Emhyr,Undirected,2,4
1076,Vilgefortz,Dandelion,Undirected,2,4
1077,Emhyr,Dandelion,Undirected,1,4
1078,Filavandrel,Henselt,Undirected,2,4
1079,Emhyr,Filavandrel,Undirected,3,4
1080,Emhyr,Foltest,Undirected,1,4
1081,Filavandrel,Foltest,Undirected,1,4
1082,Foltest,Henselt,Undirected,1,4
1083,Henselt,Emhyr,Undirected,1,4
1084,Emhyr,Aen,Undirected,1,4
1085,Dandelion,Gar,Undirected,1,4
1086,Dandelion,Fauve,Undirected,1,4
1087,Gar,Fauve,Undirected,1,4
1088,Gar,Dandelion,Undirected,1,4
1089,Ardal,Emhyr,Undirected,1,4
1090,Count,Emhyr,Undirected,1,4
1091,Vattier,Emhyr,Undirected,1,4
1092,Vattier,Stefan,Undirected,1,4
1093,Emhyr,Stefan,Undirected,2,4
1094,Emhyr,Xarthisius,Undirected,1,4
1095,Xarthisius,Emhyr,Undirected,1,4
1096,Emhyr,Vattier,Undirected,1,4
1097,Vattier,Ceallach,Undirected,1,4
1098,Xarthisius,Vilgefortz,Undirected,1,4
1099,Cahir,Emhyr,Undirected,1,4
1100,Emhyr,Cahir,Undirected,1,4
1101,Cahir,Ceallach,Undirected,1,4
1102,Cahir,Vattier,Undirected,1,4
1103,Ceallach,Vattier,Undirected,1,4
1104,Vattier,Adda,Undirected,1,4
1105,Adda,Ciri,Undirected,1,4
1106,Jarre,Geralt,Undirected,1,4
1107,Ciri,Seven,Undirected,1,4
1108,Ciri,Little,Undirected,10,4
1109,Little,Ciri,Undirected,7,4
1110,Aen,Ciri,Undirected,2,4
1111,Calanthe,Paulie,Undirected,1,4
1112,Calanthe,Vilgefortz,Undirected,1,4
1113,Paulie,Vilgefortz,Undirected,1,4
1114,Vilgefortz,Triss,Undirected,1,4
1115,Little,Falka,Undirected,1,4
1116,Blue,Ciri,Undirected,6,4
1117,Ciri,Blue,Undirected,6,4
1118,Ciri,Two,Undirected,3,4
1119,Blue,Two,Undirected,11,4
1120,Two,Blue,Undirected,6,4
1121,Blue,Sir,Undirected,1,4
1122,Ciri,Sir,Undirected,1,4
1123,Sir,Blue,Undirected,1,4
1124,Ciri,Kayleigh,Undirected,14,4
1125,Kayleigh,Baron,Undirected,4,4
1126,Baron,Ciri,Undirected,2,4
1127,Baron,Kayleigh,Undirected,1,4
1128,Kayleigh,Ciri,Undirected,14,4
1129,Kayleigh,Iskra,Undirected,2,4
1130,Iskra,Ciri,Undirected,11,4
1131,Ciri,Mistle,Undirected,12,4
1132,Mistle,Little,Undirected,1,4
1133,Ciri,Iskra,Undirected,2,4
1134,Iskra,Kayleigh,Undirected,6,4
1135,Kayleigh,Mistle,Undirected,6,4
1136,Mistle,Ciri,Undirected,7,4
1137,Mistle,Iskra,Undirected,4,4
1138,Mistle,Kayleigh,Undirected,3,4
1139,Falka,Ciri,Undirected,2,4
1140,Ciri,Falka,Undirected,3,4
1141,Mistle,Falka,Undirected,1,4
1142,Falka,Mistle,Undirected,1,4
1143,Kayleigh,Emhyr,Undirected,1,4
1144,Emhyr,Kayleigh,Undirected,1,4
1145,Aen,Mistle,Undirected,1,4
1146,Aen,Rudiger,Undirected,1,4
1147,Mistle,Rudiger,Undirected,1,4
1148,Rudiger,Mistle,Undirected,1,4
1149,Mistle,Asse,Undirected,2,4
1150,Kayleigh,Asse,Undirected,1,4
1151,Milva,Forest,Undirected,1,5
1152,Forest,Milva,Undirected,1,5
1153,Maria,Milva,Undirected,6,5
1154,Codringher,Milva,Undirected,2,5
1155,Milva,Geralt,Undirected,51,5
1156,Milva,Maria,Undirected,4,5
1157,Geralt,Maria,Undirected,1,5
1158,Milva,Ori,Undirected,7,5
1159,Ori,Philippa,Undirected,4,5
1160,Philippa,Ori,Undirected,2,5
1161,Ori,Triss,Undirected,1,5
1162,Philippa,Triss,Undirected,3,5
1163,Yennefer,Artaud,Undirected,1,5
1164,Artaud,Yennefer,Undirected,1,5
1165,Artaud,Ori,Undirected,2,5
1166,Yennefer,Ori,Undirected,2,5
1167,Yennefer,Milva,Undirected,2,5
1168,Ori,Milva,Undirected,8,5
1169,Ori,Maria,Undirected,1,5
1170,Emhyr,Milva,Undirected,2,5
1171,Shilard,Francesca,Undirected,1,5
1172,Ori,Stefan,Undirected,1,5
1173,Philippa,Stefan,Undirected,1,5
1174,Philippa,Emhyr,Undirected,3,5
1175,Stefan,Emhyr,Undirected,1,5
1176,Milva,Little,Undirected,1,5
1177,Little,Aen,Undirected,1,5
1178,Little,Milva,Undirected,1,5
1179,Aen,Milva,Undirected,2,5
1180,Milva,Toruviel,Undirected,3,5
1181,Toruviel,Milva,Undirected,3,5
1182,Margarita,Philippa,Undirected,3,5
1183,Philippa,Keira,Undirected,2,5
1184,Keira,Triss,Undirected,3,5
1185,Keira,Philippa,Undirected,3,5
1186,Triss,Philippa,Undirected,5,5
1187,Philippa,Assire,Undirected,5,5
1188,Assire,Philippa,Undirected,8,5
1189,Philippa,Sabrina,Undirected,8,5
1190,Sabrina,Sheala,Undirected,1,5
1191,Sabrina,Francesca,Undirected,4,5
1192,Sheala,Francesca,Undirected,4,5
1193,Francesca,Philippa,Undirected,7,5
1194,Philippa,Margarita,Undirected,2,5
1195,Philippa,Francesca,Undirected,3,5
1196,Margarita,Francesca,Undirected,1,5
1197,Margarita,Assire,Undirected,2,5
1198,Francesca,Assire,Undirected,4,5
1199,Sabrina,Philippa,Undirected,5,5
1200,Sabrina,Emhyr,Undirected,2,5
1201,Francesca,Sabrina,Undirected,2,5
1202,Philippa,Sheala,Undirected,1,5
1203,Sheala,Philippa,Undirected,5,5
1204,Assire,Sabrina,Undirected,2,5
1205,Margarita,Sheala,Undirected,2,5
1206,Francesca,King,Undirected,1,5
1207,King,Francesca,Undirected,1,5
1208,King,Assire,Undirected,1,5
1209,King,Triss,Undirected,1,5
1210,Francesca,Triss,Undirected,2,5
1211,Francesca,Keira,Undirected,2,5
1212,Assire,Triss,Undirected,2,5
1213,Assire,Keira,Undirected,1,5
1214,Triss,Keira,Undirected,1,5
1215,Triss,Sabrina,Undirected,1,5
1216,Keira,Sabrina,Undirected,1,5
1217,Sabrina,Assire,Undirected,4,5
1218,Francesca,Emhyr,Undirected,1,5
1219,Assire,Emhyr,Undirected,2,5
1220,Sabrina,Margarita,Undirected,1,5
1221,Emhyr,Margarita,Undirected,1,5
1222,Emhyr,Sheala,Undirected,1,5
1223,Sheala,Assire,Undirected,1,5
1224,Assire,Francesca,Undirected,6,5
1225,Francesca,Sheala,Undirected,1,5
1226,Two,Mistle,Undirected,1,5
1227,Two,Falka,Undirected,1,5
1228,Mistle,Falka,Undirected,3,5
1229,Asse,Kayleigh,Undirected,1,5
1230,Asse,Little,Undirected,1,5
1231,Kayleigh,Little,Undirected,1,5
1232,Falka,Little,Undirected,1,5
1233,Dandelion,Geralt,Undirected,72,5
1234,Geralt,Dandelion,Undirected,70,5
1235,Dandelion,Roach,Undirected,3,5
1236,Roach,Dandelion,Undirected,3,5
1237,Dandelion,Riordain,Undirected,1,5
1238,Aen,Dandelion,Undirected,2,5
1239,Aen,Geralt,Undirected,1,5
1240,Geralt,Milva,Undirected,45,5
1241,Dandelion,Milva,Undirected,60,5
1242,Milva,Dandelion,Undirected,61,5
1243,Milva,Ciri,Undirected,15,5
1244,Geralt,Ciri,Undirected,5,5
1245,Dandelion,Ciri,Undirected,7,5
1246,Ciri,Milva,Undirected,13,5
1247,Milva,Emhyr,Undirected,1,5
1248,Emhyr,Ciri,Undirected,3,5
1249,Ciri,Geralt,Undirected,9,5
1250,Ciri,Emhyr,Undirected,1,5
1251,Geralt,Emhyr,Undirected,2,5
1252,Geralt,Roach,Undirected,2,5
1253,Milva,Roach,Undirected,4,5
1254,Dandelion,Zoltan,Undirected,29,5
1255,Milva,Zoltan,Undirected,34,5
1256,Milva,Field,Undirected,3,5
1257,Zoltan,Field,Undirected,8,5
1258,Field,Percival,Undirected,3,5
1259,Field,Zoltan,Undirected,5,5
1260,Percival,Zoltan,Undirected,18,5
1261,Geralt,Zoltan,Undirected,44,5
1262,Zoltan,Milva,Undirected,27,5
1263,Zoltan,Munro,Undirected,3,5
1264,Zoltan,Figgis,Undirected,1,5
1265,Munro,Figgis,Undirected,1,5
1266,Munro,Zoltan,Undirected,3,5
1267,Figgis,Zoltan,Undirected,1,5
1268,Figgis,Geralt,Undirected,2,5
1269,Figgis,Dandelion,Undirected,1,5
1270,Zoltan,Geralt,Undirected,33,5
1271,Zoltan,Dandelion,Undirected,27,5
1272,Dandelion,Figgis,Undirected,2,5
1273,Figgis,Milva,Undirected,3,5
1274,Milva,Percival,Undirected,10,5
1275,Percival,Geralt,Undirected,14,5
1276,Munro,Geralt,Undirected,2,5
1277,Geralt,Field,Undirected,6,5
1278,Field,Milva,Undirected,3,5
1279,Zoltan,Percival,Undirected,25,5
1280,Ciri,Dandelion,Undirected,7,5
1281,Maria,Zoltan,Undirected,1,5
1282,Geralt,Percival,Undirected,8,5
1283,Munro,Percival,Undirected,1,5
1284,Percival,Milva,Undirected,4,5
1285,Cahir,Zoltan,Undirected,2,5
1286,Zoltan,Ciri,Undirected,4,5
1287,Geralt,Cahir,Undirected,11,5
1288,Philippa,Zoltan,Undirected,1,5
1289,Zoltan,King,Undirected,1,5
1290,King,Percival,Undirected,1,5
1291,Dandelion,Field,Undirected,3,5
1292,Field,Two,Undirected,1,5
1293,Two,Zoltan,Undirected,3,5
1294,Dandelion,Percival,Undirected,14,5
1295,Percival,Figgis,Undirected,1,5
1296,Field,Geralt,Undirected,4,5
1297,Emiel,Zoltan,Undirected,3,5
1298,Emiel,Geralt,Undirected,3,5
1299,Zoltan,Emiel,Undirected,2,5
1300,Geralt,Sir,Undirected,2,5
1301,Sir,Zoltan,Undirected,2,5
1302,Zoltan,Sir,Undirected,1,5
1303,Percival,Dandelion,Undirected,4,5
1304,Yennefer,Dandelion,Undirected,3,5
1305,Yennefer,Geralt,Undirected,7,5
1306,Zoltan,Two,Undirected,2,5
1307,Geralt,Two,Undirected,2,5
1308,Two,Percival,Undirected,1,5
1309,Zoltan,Brouver,Undirected,1,5
1310,Percival,King,Undirected,1,5
1311,King,Brouver,Undirected,1,5
1312,Dandelion,Count,Undirected,5,5
1313,Ciri,Count,Undirected,2,5
1314,Falka,Ciri,Undirected,5,5
1315,Ciri,Falka,Undirected,1,5
1316,Falka,Kayleigh,Undirected,1,5
1317,Ciri,Kayleigh,Undirected,3,5
1318,Kayleigh,Ciri,Undirected,1,5
1319,Emiel,Percival,Undirected,1,5
1320,Geralt,Emiel,Undirected,2,5
1321,Munro,Dandelion,Undirected,1,5
1322,Munro,Milva,Undirected,2,5
1323,Two,Dandelion,Undirected,1,5
1324,Dandelion,Munro,Undirected,1,5
1325,Percival,Sir,Undirected,2,5
1326,Geralt,Count,Undirected,4,5
1327,Count,Dandelion,Undirected,4,5
1328,Field,Sir,Undirected,1,5
1329,Sir,Percival,Undirected,1,5
1330,Geralt,Kayleigh,Undirected,1,5
1331,Mistle,Ciri,Undirected,5,5
1332,Dandelion,Aubry,Undirected,1,5
1333,Dandelion,Sir,Undirected,4,5
1334,Aubry,Sir,Undirected,2,5
1335,Aubry,Geralt,Undirected,1,5
1336,Aubry,Dandelion,Undirected,1,5
1337,Sir,Geralt,Undirected,3,5
1338,Sir,Dandelion,Undirected,3,5
1339,Dandelion,Emhyr,Undirected,2,5
1340,Daniel,Dandelion,Undirected,1,5
1341,Count,Foltest,Undirected,1,5
1342,Count,Geralt,Undirected,2,5
1343,Foltest,Geralt,Undirected,1,5
1344,Foltest,Count,Undirected,1,5
1345,Calanthe,Pavetta,Undirected,1,5
1346,Calanthe,Geralt,Undirected,1,5
1347,Pavetta,Geralt,Undirected,1,5
1348,Count,Daniel,Undirected,1,5
1349,Dandelion,Daniel,Undirected,1,5
1350,Dandelion,Calanthe,Undirected,1,5
1351,Daniel,Calanthe,Undirected,1,5
1352,Daniel,Emhyr,Undirected,1,5
1353,Calanthe,Emhyr,Undirected,1,5
1354,Emhyr,Calanthe,Undirected,2,5
1355,Vissegerd,Foltest,Undirected,2,5
1356,Vissegerd,Daniel,Undirected,1,5
1357,Foltest,Daniel,Undirected,1,5
1358,Foltest,Vissegerd,Undirected,1,5
1359,Daniel,Vissegerd,Undirected,1,5
1360,Vissegerd,Geralt,Undirected,8,5
1361,Geralt,Vissegerd,Undirected,7,5
1362,Dandelion,Vissegerd,Undirected,9,5
1363,Vissegerd,Count,Undirected,4,5
1364,Count,Vissegerd,Undirected,3,5
1365,Count,Sir,Undirected,3,5
1366,Vissegerd,Sir,Undirected,2,5
1367,Sir,Vissegerd,Undirected,1,5
1368,Vreemde,Morteisen,Undirected,1,5
1369,Cahir,Dandelion,Undirected,12,5
1370,Sir,Demavend,Undirected,1,5
1371,Demavend,Vilgefortz,Undirected,1,5
1372,Demavend,Rience,Undirected,1,5
1373,Vilgefortz,Rience,Undirected,1,5
1374,Vattier,Francesca,Undirected,1,5
1375,Francesca,Cahir,Undirected,1,5
1376,Cahir,Rience,Undirected,2,5
1377,Stefan,Vattier,Undirected,1,5
1378,Stefan,Milva,Undirected,1,5
1379,Vattier,Milva,Undirected,1,5
1380,Ciri,Beau,Undirected,2,5
1381,Ciri,Cahir,Undirected,5,5
1382,Beau,Cahir,Undirected,1,5
1383,Cahir,Milva,Undirected,18,5
1384,Cahir,Ciri,Undirected,3,5
1385,Milva,Fringilla,Undirected,1,5
1386,Milva,Assire,Undirected,1,5
1387,Ciri,Fringilla,Undirected,5,5
1388,Ciri,Assire,Undirected,2,5
1389,Fringilla,Assire,Undirected,5,5
1390,Fringilla,Merlin,Undirected,1,5
1391,Assire,Merlin,Undirected,1,5
1392,Merlin,Assire,Undirected,2,5
1393,Merlin,Fringilla,Undirected,1,5
1394,Assire,Fringilla,Undirected,9,5
1395,Assire,King,Undirected,1,5
1396,Assire,Albrich,Undirected,1,5
1397,King,Albrich,Undirected,1,5
1398,Albrich,Assire,Undirected,1,5
1399,Assire,Xarthisius,Undirected,2,5
1400,Stella,Assire,Undirected,1,5
1401,Stella,Emhyr,Undirected,1,5
1402,Emhyr,Fringilla,Undirected,1,5
1403,Emhyr,Xarthisius,Undirected,1,5
1404,Fringilla,Xarthisius,Undirected,1,5
1405,Fringilla,Emhyr,Undirected,1,5
1406,Xarthisius,Emhyr,Undirected,1,5
1407,Emhyr,Cahir,Undirected,4,5
1408,Cahir,Emhyr,Undirected,3,5
1409,Emhyr,Assire,Undirected,3,5
1410,Cahir,Assire,Undirected,2,5
1411,Assire,Cahir,Undirected,1,5
1412,Cahir,Fringilla,Undirected,1,5
1413,Cahir,Seven,Undirected,2,5
1414,Milva,Cahir,Undirected,19,5
1415,Milva,Seven,Undirected,1,5
1416,Seven,Milva,Undirected,4,5
1417,Vissegerd,Dandelion,Undirected,3,5
1418,Dandelion,Gar,Undirected,1,5
1419,Vissegerd,Gar,Undirected,1,5
1420,Gar,Geralt,Undirected,1,5
1421,Gar,Vissegerd,Undirected,1,5
1422,Geralt,Yennefer,Undirected,4,5
1423,Dandelion,Seven,Undirected,3,5
1424,Geralt,Seven,Undirected,3,5
1425,Seven,Dandelion,Undirected,2,5
1426,Seven,Cahir,Undirected,1,5
1427,Dandelion,Cahir,Undirected,21,5
1428,Philippa,Dandelion,Undirected,1,5
1429,Milva,Emiel,Undirected,1,5
1430,Cahir,Geralt,Undirected,25,5
1431,Kayleigh,Mistle,Undirected,1,5
1432,Mistle,Kayleigh,Undirected,1,5
1433,Falka,Mistle,Undirected,3,5
1434,Mistle,Cahir,Undirected,1,5
1435,Milva,Yennefer,Undirected,1,5
1436,Dandelion,Yennefer,Undirected,1,5
1437,Ciri,Mistle,Undirected,4,5
1438,Vattier,Ida,Undirected,1,5
1439,Ida,Francesca,Undirected,1,5
1440,Ida,Henselt,Undirected,1,5
1441,Francesca,Henselt,Undirected,1,5
1442,Francesca,Ida,Undirected,1,5
1443,Philippa,Ida,Undirected,4,5
1444,Margarita,Sabrina,Undirected,3,5
1445,Margarita,Ida,Undirected,1,5
1446,Margarita,Ithlinne,Undirected,1,5
1447,Philippa,Ithlinne,Undirected,1,5
1448,Sabrina,Ida,Undirected,2,5
1449,Sabrina,Ithlinne,Undirected,1,5
1450,Ida,Ithlinne,Undirected,1,5
1451,Ithlinne,Francesca,Undirected,1,5
1452,Francesca,Yennefer,Undirected,6,5
1453,Yennefer,Francesca,Undirected,10,5
1454,Yennefer,Gar,Undirected,2,5
1455,Francesca,Gar,Undirected,1,5
1456,Francesca,Ciri,Undirected,2,5
1457,Gar,Ciri,Undirected,1,5
1458,Gar,Yennefer,Undirected,1,5
1459,Ciri,Yennefer,Undirected,10,5
1460,Ciri,Francesca,Undirected,3,5
1461,Yennefer,Vilgefortz,Undirected,2,5
1462,Yennefer,Tissaia,Undirected,1,5
1463,Francesca,Vilgefortz,Undirected,1,5
1464,Francesca,Tissaia,Undirected,1,5
1465,Vilgefortz,Tissaia,Undirected,1,5
1466,Vilgefortz,Francesca,Undirected,1,5
1467,Tissaia,Francesca,Undirected,1,5
1468,Geralt,Francesca,Undirected,1,5
1469,Keira,Ciri,Undirected,1,5
1470,Ciri,Vilgefortz,Undirected,4,5
1471,Vilgefortz,Yennefer,Undirected,4,5
1472,Yennefer,Triss,Undirected,4,5
1473,Yennefer,Philippa,Undirected,7,5
1474,Yennefer,Ciri,Undirected,7,5
1475,Ciri,Philippa,Undirected,1,5
1476,Philippa,Ciri,Undirected,3,5
1477,Fringilla,Philippa,Undirected,7,5
1478,Philippa,Fringilla,Undirected,6,5
1479,Fringilla,Triss,Undirected,2,5
1480,Sabrina,Fringilla,Undirected,2,5
1481,Fringilla,Sabrina,Undirected,1,5
1482,Fringilla,Keira,Undirected,1,5
1483,Sabrina,Keira,Undirected,1,5
1484,Sabrina,Triss,Undirected,2,5
1485,Yennefer,Keira,Undirected,1,5
1486,Keira,Fringilla,Undirected,1,5
1487,Keira,Ida,Undirected,1,5
1488,Triss,Fringilla,Undirected,1,5
1489,Triss,Ida,Undirected,1,5
1490,Triss,Blue,Undirected,1,5
1491,Philippa,Blue,Undirected,1,5
1492,Philippa,Aen,Undirected,1,5
1493,Fringilla,Ida,Undirected,2,5
1494,Fringilla,Blue,Undirected,1,5
1495,Fringilla,Aen,Undirected,2,5
1496,Ida,Blue,Undirected,1,5
1497,Ida,Aen,Undirected,2,5
1498,Blue,Aen,Undirected,2,5
1499,Blue,Ida,Undirected,1,5
1500,Aen,Ida,Undirected,2,5
1501,Aen,Fringilla,Undirected,1,5
1502,Ida,Fringilla,Undirected,1,5
1503,Fringilla,Yennefer,Undirected,8,5
1504,Yennefer,Fringilla,Undirected,12,5
1505,Philippa,Yennefer,Undirected,4,5
1506,Ciri,Iskra,Undirected,3,5
1507,Iskra,Ciri,Undirected,1,5
1508,Ciri,Asse,Undirected,1,5
1509,Asse,Ciri,Undirected,1,5
1510,Iskra,Kayleigh,Undirected,1,5
1511,Baron,Philippa,Undirected,1,5
1512,Fringilla,Ciri,Undirected,1,5
1513,Assire,Ciri,Undirected,1,5
1514,Assire,Yennefer,Undirected,5,5
1515,Yennefer,Assire,Undirected,4,5
1516,Triss,Assire,Undirected,1,5
1517,Assire,Rience,Undirected,1,5
1518,Rience,Ciri,Undirected,1,5
1519,Tissaia,Ida,Undirected,1,5
1520,Ida,Sabrina,Undirected,1,5
1521,Ida,Assire,Undirected,1,5
1522,Ida,Philippa,Undirected,1,5
1523,Keira,Francesca,Undirected,1,5
1524,Francesca,Falka,Undirected,3,5
1525,Falka,Sabrina,Undirected,1,5
1526,Falka,Assire,Undirected,1,5
1527,Falka,Francesca,Undirected,1,5
1528,Sabrina,Falka,Undirected,1,5
1529,Assire,Falka,Undirected,2,5
1530,Falka,Yennefer,Undirected,1,5
1531,Philippa,Falka,Undirected,2,5
1532,Falka,Anna,Undirected,1,5
1533,Ciri,Anna,Undirected,1,5
1534,Anna,Beau,Undirected,1,5
1535,Anna,Francesca,Undirected,1,5
1536,Beau,Francesca,Undirected,1,5
1537,Sabrina,Adalia,Undirected,1,5
1538,Adalia,Assire,Undirected,2,5
1539,Francesca,Adalia,Undirected,1,5
1540,Assire,Adalia,Undirected,2,5
1541,Adalia,Yennefer,Undirected,2,5
1542,Adalia,Calanthe,Undirected,1,5
1543,Adalia,Margarita,Undirected,1,5
1544,Adalia,Anna,Undirected,1,5
1545,Calanthe,Margarita,Undirected,1,5
1546,Calanthe,Anna,Undirected,1,5
1547,Margarita,Anna,Undirected,1,5
1548,Anna,Assire,Undirected,1,5
1549,Geralt,Fringilla,Undirected,1,5
1550,Ciri,Sabrina,Undirected,4,5
1551,Triss,Emhyr,Undirected,1,5
1552,Emhyr,Keira,Undirected,2,5
1553,Emhyr,Yennefer,Undirected,1,5
1554,Triss,Yennefer,Undirected,3,5
1555,Vilgefortz,Sir,Undirected,3,5
1556,Vilgefortz,Ida,Undirected,2,5
1557,Ida,Yennefer,Undirected,1,5
1558,Ida,Margarita,Undirected,1,5
1559,Ida,Ciri,Undirected,2,5
1560,Yennefer,Margarita,Undirected,1,5
1561,Yennefer,Sabrina,Undirected,2,5
1562,Margarita,Ciri,Undirected,2,5
1563,Margarita,Vilgefortz,Undirected,1,5
1564,Sabrina,Vilgefortz,Undirected,1,5
1565,Triss,Geralt,Undirected,1,5
1566,Sabrina,Yennefer,Undirected,1,5
1567,Sabrina,Ciri,Undirected,1,5
1568,Fringilla,Two,Undirected,1,5
1569,Two,Seven,Undirected,1,5
1570,Two,Connor,Undirected,1,5
1571,Seven,Connor,Undirected,1,5
1572,Vilgefortz,Ciri,Undirected,1,5
1573,Geralt,Forest,Undirected,1,5
1574,Emiel,Roach,Undirected,1,5
1575,Roach,Cahir,Undirected,1,5
1576,Geralt,Blue,Undirected,1,5
1577,Milva,Blue,Undirected,1,5
1578,Blue,Cahir,Undirected,2,5
1579,Blue,Milva,Undirected,1,5
1580,King,Dandelion,Undirected,1,5
1581,Geralt,Ethain,Undirected,1,5
1582,Ethain,Cahir,Undirected,2,5
1583,Ethain,Dandelion,Undirected,1,5
1584,Ciri,Zoltan,Undirected,2,5
1585,Cahir,Vissegerd,Undirected,1,5
1586,Geralt,Vesemir,Undirected,1,5
1587,Geralt,Dyffryn,Undirected,1,5
1588,Vesemir,Dandelion,Undirected,1,5
1589,Vesemir,Cahir,Undirected,1,5
1590,Vesemir,Dyffryn,Undirected,1,5
1591,Dandelion,Dyffryn,Undirected,1,5
1592,Cahir,Dyffryn,Undirected,1,5
1593,Dyffryn,Dandelion,Undirected,1,5
1594,Cahir,Roach,Undirected,1,5
1595,Cahir,Two,Undirected,1,5
1596,Roach,Milva,Undirected,1,5
1597,Meve,Geralt,Undirected,5,5
1598,Geralt,Meve,Undirected,3,5
1599,Meve,Milva,Undirected,1,5
1600,Milva,Meve,Undirected,1,5
1601,Zuleyka,Philippa,Undirected,2,6
1602,Zuleyka,Vesemir,Undirected,1,6
1603,Philippa,Vesemir,Undirected,1,6
1604,Philippa,Sigrdrifa,Undirected,1,6
1605,Vesemir,Sigrdrifa,Undirected,1,6
1606,Vesemir,Zyvik,Undirected,1,6
1607,Sigrdrifa,Zyvik,Undirected,1,6
1608,Jarre,Triss,Undirected,2,6
1609,Nenneke,Triss,Undirected,3,6
1610,Nenneke,Jarre,Undirected,2,6
1611,Triss,Jarre,Undirected,1,6
1612,Stefan,Ciri,Undirected,1,6
1613,Vysogota,Ciri,Undirected,20,6
1614,Ciri,Vysogota,Undirected,14,6
1615,Vysogota,Kelpie,Undirected,2,6
1616,Kelpie,Ciri,Undirected,10,6
1617,Ciri,Kelpie,Undirected,8,6
1618,Aen,Ciri,Undirected,1,6
1619,Asse,Falka,Undirected,2,6
1620,Falka,Asse,Undirected,1,6
1621,Kayleigh,Falka,Undirected,2,6
1622,Emhyr,Mistle,Undirected,3,6
1623,Mistle,Falka,Undirected,1,6
1624,Falka,Kayleigh,Undirected,1,6
1625,Falka,Ciri,Undirected,6,6
1626,Falka,Baron,Undirected,4,6
1627,Ciri,Baron,Undirected,5,6
1628,Baron,Ciri,Undirected,2,6
1629,Ciri,Falka,Undirected,7,6
1630,Baron,Asse,Undirected,1,6
1631,Mistle,Ciri,Undirected,11,6
1632,Mistle,Asse,Undirected,1,6
1633,Ciri,Asse,Undirected,1,6
1634,Kayleigh,Mistle,Undirected,3,6
1635,Kayleigh,Asse,Undirected,2,6
1636,Ciri,Mistle,Undirected,12,6
1637,Kayleigh,Emhyr,Undirected,1,6
1638,Emhyr,Ciri,Undirected,4,6
1639,Ciri,Calanthe,Undirected,2,6
1640,Calanthe,Ciri,Undirected,8,6
1641,Calanthe,Falka,Undirected,1,6
1642,Ciri,Emhyr,Undirected,6,6
1643,Falka,Emhyr,Undirected,1,6
1644,Asse,Kayleigh,Undirected,1,6
1645,Baron,Vysogota,Undirected,1,6
1646,Falka,Mistle,Undirected,2,6
1647,Yennefer,Ciri,Undirected,16,6
1648,Mistle,Vysogota,Undirected,1,6
1649,Mistle,Kayleigh,Undirected,2,6
1650,Milva,Geralt,Undirected,11,6
1651,Geralt,Meve,Undirected,5,6
1652,Meve,Geralt,Undirected,3,6
1653,Geralt,Milva,Undirected,17,6
1654,Milva,Meve,Undirected,1,6
1655,Ciri,Meve,Undirected,1,6
1656,Meve,Milva,Undirected,3,6
1657,Milva,Cahir,Undirected,5,6
1658,Cahir,Geralt,Undirected,25,6
1659,Milva,Roach,Undirected,2,6
1660,Roach,Milva,Undirected,1,6
1661,Geralt,King,Undirected,1,6
1662,Geralt,Ciri,Undirected,7,6
1663,Ciri,Geralt,Undirected,10,6
1664,Geralt,Forest,Undirected,2,6
1665,Geralt,Yennefer,Undirected,4,6
1666,Yennefer,Triss,Undirected,2,6
1667,Yennefer,Crach,Undirected,11,6
1668,Dandelion,Ciri,Undirected,2,6
1669,Milva,Dandelion,Undirected,11,6
1670,Cahir,Dandelion,Undirected,5,6
1671,Geralt,Dandelion,Undirected,11,6
1672,Dandelion,Cahir,Undirected,3,6
1673,Dandelion,Count,Undirected,1,6
1674,Count,Dandelion,Undirected,1,6
1675,Milva,Ciri,Undirected,1,6
1676,Ciri,Dandelion,Undirected,1,6
1677,Ciri,Milva,Undirected,1,6
1678,Dandelion,Milva,Undirected,4,6
1679,Ciri,Cahir,Undirected,7,6
1680,Calanthe,Cahir,Undirected,1,6
1681,Vattier,Emhyr,Undirected,2,6
1682,Vattier,Cahir,Undirected,2,6
1683,Vattier,Ceallach,Undirected,2,6
1684,Cahir,Ceallach,Undirected,1,6
1685,Cahir,Vattier,Undirected,2,6
1686,Ceallach,Vattier,Undirected,1,6
1687,Vattier,Vilgefortz,Undirected,3,6
1688,Vattier,Rience,Undirected,5,6
1689,Rience,Vilgefortz,Undirected,12,6
1690,Vilgefortz,Vattier,Undirected,2,6
1691,Vilgefortz,Rience,Undirected,9,6
1692,Rience,Vattier,Undirected,8,6
1693,Ceallach,Rience,Undirected,2,6
1694,Ceallach,Meve,Undirected,1,6
1695,Meve,Rience,Undirected,1,6
1696,Meve,Cahir,Undirected,1,6
1697,Rience,Cahir,Undirected,1,6
1698,Vattier,Stefan,Undirected,3,6
1699,Rience,Stefan,Undirected,1,6
1700,Vattier,Carthia,Undirected,2,6
1701,Emhyr,Vattier,Undirected,2,6
1702,Stefan,Rience,Undirected,3,6
1703,Stefan,Vattier,Undirected,1,6
1704,Carthia,Vattier,Undirected,1,6
1705,Cahir,Forest,Undirected,1,6
1706,Cahir,Ciri,Undirected,5,6
1707,Forest,Ciri,Undirected,1,6
1708,Forest,Geralt,Undirected,1,6
1709,Geralt,Cahir,Undirected,24,6
1710,Dandelion,Geralt,Undirected,6,6
1711,Falka,Joanna,Undirected,1,6
1712,Baron,Falka,Undirected,4,6
1713,Kelpie,Vysogota,Undirected,1,6
1714,Kelpie,Baron,Undirected,1,6
1715,Emhyr,Leo,Undirected,1,6
1716,Leo,Ciri,Undirected,3,6
1717,Ciri,Windsor,Undirected,2,6
1718,Ciri,Leo,Undirected,1,6
1719,Windsor,Baron,Undirected,2,6
1720,Windsor,Ciri,Undirected,4,6
1721,Leo,Falka,Undirected,1,6
1722,Baron,Windsor,Undirected,2,6
1723,Windsor,Leo,Undirected,1,6
1724,Falka,Windsor,Undirected,2,6
1725,Windsor,Falka,Undirected,1,6
1726,Stavro,Baron,Undirected,3,6
1727,Stavro,Ciri,Undirected,6,6
1728,Ciri,Stavro,Undirected,3,6
1729,Little,Stavro,Undirected,1,6
1730,Stavro,Falka,Undirected,1,6
1731,Windsor,Stavro,Undirected,1,6
1732,Cahir,Milva,Undirected,7,6
1733,Beau,Geralt,Undirected,3,6
1734,Dandelion,Vissegerd,Undirected,3,6
1735,Vissegerd,Meve,Undirected,1,6
1736,Cahir,Beau,Undirected,1,6
1737,Beau,Ciri,Undirected,1,6
1738,Emhyr,Cahir,Undirected,1,6
1739,Emhyr,Geralt,Undirected,2,6
1740,Two,Cahir,Undirected,1,6
1741,Yennefer,Vysogota,Undirected,1,6
1742,Geralt,Vysogota,Undirected,1,6
1743,Geralt,Golan,Undirected,1,6
1744,Golan,Geralt,Undirected,1,6
1745,Two,Geralt,Undirected,3,6
1746,Geralt,Beau,Undirected,2,6
1747,Sword,Geralt,Undirected,1,6
1748,Codringher,Geralt,Undirected,1,6
1749,Geralt,Codringher,Undirected,1,6
1750,Geralt,Vilgefortz,Undirected,1,6
1751,Codringher,Vilgefortz,Undirected,1,6
1752,Cahir,Two,Undirected,1,6
1753,Geralt,Emiel,Undirected,1,6
1754,Geralt,Aen,Undirected,1,6
1755,Aen,Ithlinne,Undirected,1,6
1756,Geralt,Ithlinne,Undirected,1,6
1757,Geralt,Julia,Undirected,1,6
1758,Julia,Baron,Undirected,2,6
1759,Julia,Two,Undirected,1,6
1760,Baron,Two,Undirected,1,6
1761,Baron,Dandelion,Undirected,1,6
1762,Baron,Julia,Undirected,1,6
1763,Dandelion,Julia,Undirected,3,6
1764,Julia,Beau,Undirected,1,6
1765,Beau,Baron,Undirected,1,6
1766,Geralt,Baron,Undirected,3,6
1767,Baron,Anna,Undirected,1,6
1768,Anna,Geralt,Undirected,1,6
1769,Milva,Beau,Undirected,1,6
1770,Dandelion,Beau,Undirected,1,6
1771,Beau,Julia,Undirected,1,6
1772,Julia,Geralt,Undirected,1,6
1773,Baron,Beau,Undirected,1,6
1774,Milva,Emiel,Undirected,1,6
1775,Emiel,Geralt,Undirected,1,6
1776,Count,Radovid,Undirected,3,6
1777,Radovid,Count,Undirected,1,6
1778,Radovid,King,Undirected,3,6
1779,Baron,Count,Undirected,1,6
1780,Esterad,Zuleyka,Undirected,8,6
1781,Esterad,King,Undirected,4,6
1782,King,Zuleyka,Undirected,3,6
1783,King,Philippa,Undirected,1,6
1784,King,Esterad,Undirected,3,6
1785,King,Blue,Undirected,1,6
1786,Blue,Esterad,Undirected,1,6
1787,Emhyr,King,Undirected,1,6
1788,King,Demavend,Undirected,1,6
1789,King,Henselt,Undirected,1,6
1790,King,Emhyr,Undirected,2,6
1791,Demavend,Henselt,Undirected,1,6
1792,Demavend,King,Undirected,1,6
1793,Demavend,Emhyr,Undirected,1,6
1794,Demavend,Foltest,Undirected,1,6
1795,Henselt,King,Undirected,1,6
1796,Henselt,Emhyr,Undirected,1,6
1797,Henselt,Foltest,Undirected,1,6
1798,King,Foltest,Undirected,2,6
1799,Emhyr,Foltest,Undirected,4,6
1800,Carthia,Assire,Undirected,1,6
1801,Assire,Vattier,Undirected,3,6
1802,Vattier,Assire,Undirected,5,6
1803,Assire,Menno,Undirected,1,6
1804,Menno,Assire,Undirected,1,6
1805,Assire,Carthia,Undirected,3,6
1806,Assire,Emhyr,Undirected,1,6
1807,Assire,Fringilla,Undirected,2,6
1808,Fringilla,Assire,Undirected,2,6
1809,Assire,Philippa,Undirected,3,6
1810,Philippa,Assire,Undirected,2,6
1811,Fergus,Emhyr,Undirected,1,6
1812,Emhyr,Esterad,Undirected,3,6
1813,Foltest,Esterad,Undirected,1,6
1814,Zuleyka,Esterad,Undirected,5,6
1815,Esterad,Ciri,Undirected,1,6
1816,Esterad,Emhyr,Undirected,1,6
1817,Zuleyka,Lebioda,Undirected,4,6
1818,Lebioda,Emhyr,Undirected,1,6
1819,Emhyr,Zuleyka,Undirected,1,6
1820,Jacob,Esterad,Undirected,1,6
1821,Lebioda,Esterad,Undirected,2,6
1822,Lebioda,Zuleyka,Undirected,2,6
1823,Esterad,Lebioda,Undirected,1,6
1824,Lebioda,King,Undirected,1,6
1825,Duke,Esterad,Undirected,3,6
1826,Esterad,Duke,Undirected,2,6
1827,Julia,Zuleyka,Undirected,1,6
1828,Zuleyka,Duke,Undirected,1,6
1829,Zuleyka,King,Undirected,1,6
1830,King,Baron,Undirected,1,6
1831,Ciri,Zuleyka,Undirected,1,6
1832,Esterad,Ithlinne,Undirected,1,6
1833,Vilgefortz,Yennefer,Undirected,3,6
1834,Yennefer,Vilgefortz,Undirected,7,6
1835,Vilgefortz,Philippa,Undirected,2,6
1836,Two,Yennefer,Undirected,1,6
1837,Crach,Ciri,Undirected,5,6
1838,Ciri,Crach,Undirected,6,6
1839,Fringilla,Philippa,Undirected,1,6
1840,Philippa,Crach,Undirected,1,6
1841,Crach,Yennefer,Undirected,10,6
1842,Crach,Calanthe,Undirected,1,6
1843,Yennefer,Calanthe,Undirected,1,6
1844,Ciri,Yennefer,Undirected,10,6
1845,Crach,Pavetta,Undirected,2,6
1846,Ciri,Pavetta,Undirected,2,6
1847,Pavetta,Yennefer,Undirected,2,6
1848,Pavetta,Geralt,Undirected,1,6
1849,Pavetta,Crach,Undirected,2,6
1850,Yennefer,Geralt,Undirected,3,6
1851,Geralt,Crach,Undirected,1,6
1852,Sigrdrifa,Crach,Undirected,1,6
1853,Sigrdrifa,Yennefer,Undirected,6,6
1854,Yennefer,Sigrdrifa,Undirected,7,6
1855,Sigrdrifa,Ciri,Undirected,4,6
1856,Ciri,Sigrdrifa,Undirected,1,6
1857,Geralt,Fringilla,Undirected,1,6
1858,Emhyr,Vissegerd,Undirected,1,6
1859,Ciri,Vissegerd,Undirected,1,6
1860,Triss,Crach,Undirected,5,6
1861,Crach,Philippa,Undirected,2,6
1862,Triss,Yennefer,Undirected,3,6
1863,Triss,Ciri,Undirected,5,6
1864,Crach,Sigrdrifa,Undirected,1,6
1865,Sigrdrifa,Vilgefortz,Undirected,1,6
1866,Vilgefortz,Crach,Undirected,1,6
1867,Crach,Triss,Undirected,1,6
1868,Ciri,Triss,Undirected,3,6
1869,Ciri,Vilgefortz,Undirected,3,6
1870,Vysogota,Asse,Undirected,2,6
1871,Asse,Kelpie,Undirected,2,6
1872,Vissegerd,Geralt,Undirected,1,6
1873,Vissegerd,Dandelion,Undirected,1,6
1874,Geralt,Vissegerd,Undirected,1,6
1875,Vissegerd,Ciri,Undirected,1,6
1876,Yennefer,Hjalmar,Undirected,3,6
1877,Crach,Hjalmar,Undirected,3,6
1878,Yennefer,Pavetta,Undirected,1,6
1879,Hjalmar,Ciri,Undirected,1,6
1880,Hjalmar,Pavetta,Undirected,1,6
1881,Calanthe,Radovid,Undirected,1,6
1882,Calanthe,Hjalmar,Undirected,2,6
1883,Ciri,Radovid,Undirected,1,6
1884,Ciri,Hjalmar,Undirected,2,6
1885,Radovid,Calanthe,Undirected,1,6
1886,Radovid,Ciri,Undirected,1,6
1887,Radovid,Hjalmar,Undirected,1,6
1888,Hjalmar,Crach,Undirected,4,6
1889,Hjalmar,Yennefer,Undirected,1,6
1890,Yennefer,Philippa,Undirected,2,6
1891,Philippa,Yennefer,Undirected,2,6
1892,Philippa,Ciri,Undirected,3,6
1893,Philippa,Vilgefortz,Undirected,1,6
1894,Triss,Geralt,Undirected,1,6
1895,Crach,Two,Undirected,1,6
1896,Joanna,Stefan,Undirected,1,6
1897,Yennefer,Rience,Undirected,3,6
1898,Rience,Ciri,Undirected,2,6
1899,Ciri,Rience,Undirected,3,6
1900,Vysogota,Rience,Undirected,1,6
1901,Rience,Vysogota,Undirected,1,6
1902,Rience,Falka,Undirected,2,6
1903,Rience,Emhyr,Undirected,1,6
1904,Vilgefortz,Sir,Undirected,2,6
1905,Vilgefortz,Ithlinne,Undirected,1,6
1906,Sir,Ithlinne,Undirected,1,6
1907,Vilgefortz,Ardal,Undirected,1,6
1908,Ardal,Emhyr,Undirected,1,6
1909,Emhyr,Stefan,Undirected,1,6
1910,Rience,Duke,Undirected,1,6
1911,Duke,Vattier,Undirected,2,6
1912,Two,Sir,Undirected,1,6
1913,Vysogota,Yennefer,Undirected,1,6
1914,Falka,Ori,Undirected,1,6
1915,Jan,Two,Undirected,1,6
1916,Two,Jan,Undirected,1,6
1917,Falka,Rience,Undirected,1,6
1918,Ciri,Jan,Undirected,2,6
1919,Jan,Ciri,Undirected,2,6
1920,Iola,Milo,Undirected,1,6
1921,Iola,Nenneke,Undirected,3,6
1922,Milo,Nenneke,Undirected,1,6
1923,Iola,Jarre,Undirected,1,6
1924,Ciri,Nenneke,Undirected,2,6
1925,Iola,Ciri,Undirected,1,6
1926,Iola,Triss,Undirected,1,6
1927,Triss,Nenneke,Undirected,1,6
1928,Nenneke,Ciri,Undirected,1,6
1929,Ciri,Jarre,Undirected,2,6
1930,Jarre,Ciri,Undirected,2,6
1931,Jarre,Nenneke,Undirected,1,6
1932,Vilgefortz,Ciri,Undirected,1,6
1933,Vilgefortz,Triss,Undirected,1,6
1934,Rience,Ori,Undirected,1,6
1935,Rience,Yennefer,Undirected,1,6
1936,Kelpie,Iola,Undirected,1,6
1937,Mistle,Geralt,Undirected,1,6
1938,Arthur,Merlin,Undirected,3,7
1939,Merlin,Arthur,Undirected,1,7
1940,Merlin,Sir,Undirected,2,7
1941,Arthur,Sir,Undirected,1,7
1942,Nimue,Dandelion,Undirected,3,7
1943,Dandelion,Nimue,Undirected,1,7
1944,Dandelion,Two,Undirected,1,7
1945,Nimue,Two,Undirected,1,7
1946,Geralt,Nimue,Undirected,1,7
1947,Yennefer,Nimue,Undirected,2,7
1948,Beau,Ciri,Undirected,5,7
1949,Ciri,Nimue,Undirected,4,7
1950,Nimue,Ciri,Undirected,9,7
1951,Ciri,Lydia,Undirected,1,7
1952,Lydia,Nimue,Undirected,1,7
1953,Stella,Count,Undirected,2,7
1954,Stella,Emhyr,Undirected,6,7
1955,Count,Emhyr,Undirected,6,7
1956,Count,Stella,Undirected,4,7
1957,Emhyr,Vattier,Undirected,2,7
1958,Emhyr,Stella,Undirected,3,7
1959,Emhyr,Count,Undirected,1,7
1960,Emhyr,Beau,Undirected,1,7
1961,Nimue,Emhyr,Undirected,2,7
1962,Emhyr,Nimue,Undirected,1,7
1963,Nimue,King,Undirected,2,7
1964,Emhyr,King,Undirected,1,7
1965,King,Ciri,Undirected,3,7
1966,Ciri,Emhyr,Undirected,7,7
1967,Dandelion,Jan,Undirected,1,7
1968,Jan,Nimue,Undirected,1,7
1969,Cahir,Count,Undirected,1,7
1970,Cahir,Dandelion,Undirected,4,7
1971,Count,Dandelion,Undirected,1,7
1972,Dandelion,Geralt,Undirected,15,7
1973,Nimue,Geralt,Undirected,1,7
1974,Geralt,Dandelion,Undirected,28,7
1975,Geralt,Count,Undirected,1,7
1976,Dandelion,Count,Undirected,3,7
1977,Margarita,Francesca,Undirected,4,7
1978,Francesca,Ida,Undirected,3,7
1979,Ciri,Vilgefortz,Undirected,15,7
1980,Yennefer,Jan,Undirected,1,7
1981,Jan,Vilgefortz,Undirected,1,7
1982,Vilgefortz,Ciri,Undirected,11,7
1983,Vilgefortz,Yennefer,Undirected,19,7
1984,Ciri,Yennefer,Undirected,40,7
1985,Yennefer,Ciri,Undirected,44,7
1986,Yennefer,Vilgefortz,Undirected,20,7
1987,Yennefer,Geralt,Undirected,25,7
1988,Geralt,Ciri,Undirected,34,7
1989,Geralt,Yennefer,Undirected,15,7
1990,Vilgefortz,Emhyr,Undirected,7,7
1991,Emhyr,Stefan,Undirected,2,7
1992,Emhyr,Yennefer,Undirected,3,7
1993,Stefan,Yennefer,Undirected,2,7
1994,Stefan,Vilgefortz,Undirected,3,7
1995,Yennefer,Stefan,Undirected,2,7
1996,Nimue,Everett,Undirected,1,7
1997,Reynart,Geralt,Undirected,7,7
1998,Reynard,Geralt,Undirected,1,7
1999,Beau,Geralt,Undirected,3,7
2000,Beau,Roach,Undirected,1,7
2001,Geralt,Roach,Undirected,2,7
2002,Sir,Geralt,Undirected,3,7
2003,Sir,Milva,Undirected,1,7
2004,Geralt,Milva,Undirected,14,7
2005,Geralt,Cahir,Undirected,11,7
2006,Milva,Cahir,Undirected,6,7
2007,Cahir,Milva,Undirected,8,7
2008,Cahir,Beau,Undirected,1,7
2009,Milva,Beau,Undirected,1,7
2010,Reynart,Anna,Undirected,2,7
2011,Anna,Reynart,Undirected,1,7
2012,Anna,Dandelion,Undirected,3,7
2013,Anna,Julia,Undirected,2,7
2014,Anna,Sir,Undirected,1,7
2015,Reynart,Dandelion,Undirected,3,7
2016,Reynart,Julia,Undirected,1,7
2017,Reynart,Sir,Undirected,1,7
2018,Dandelion,Julia,Undirected,5,7
2019,Dandelion,Sir,Undirected,1,7
2020,Julia,Sir,Undirected,1,7
2021,Julia,Geralt,Undirected,3,7
2022,Geralt,Sir,Undirected,3,7
2023,Cahir,Reynart,Undirected,2,7
2024,Reynart,Count,Undirected,1,7
2025,Count,Geralt,Undirected,3,7
2026,Geralt,Reynart,Undirected,11,7
2027,Reynart,Two,Undirected,1,7
2028,Geralt,Two,Undirected,2,7
2029,Two,Reynart,Undirected,1,7
2030,Reynart,Beau,Undirected,3,7
2031,Beau,Reynart,Undirected,3,7
2032,Beau,Cahir,Undirected,2,7
2033,Geralt,Beau,Undirected,8,7
2034,Reynart,Cahir,Undirected,2,7
2035,Dandelion,Milva,Undirected,2,7
2036,Geralt,Julia,Undirected,1,7
2037,Beau,Julia,Undirected,2,7
2038,Beau,Dandelion,Undirected,3,7
2039,Julia,Dandelion,Undirected,5,7
2040,Anna,Geralt,Undirected,3,7
2041,Geralt,Anna,Undirected,1,7
2042,Beau,Anna,Undirected,1,7
2043,Dandelion,Fringilla,Undirected,4,7
2044,Fringilla,Geralt,Undirected,12,7
2045,Geralt,Fringilla,Undirected,22,7
2046,Reynart,Milva,Undirected,2,7
2047,Fringilla,Milva,Undirected,4,7
2048,Anna,Ciri,Undirected,2,7
2049,Dandelion,Ciri,Undirected,7,7
2050,Ciri,Pavetta,Undirected,2,7
2051,Ciri,Dandelion,Undirected,12,7
2052,Emhyr,Geralt,Undirected,4,7
2053,Milva,Geralt,Undirected,9,7
2054,Geralt,Baron,Undirected,3,7
2055,Geralt,Palmerin,Undirected,2,7
2056,Baron,Palmerin,Undirected,1,7
2057,Palmerin,Baron,Undirected,2,7
2058,Palmerin,Geralt,Undirected,1,7
2059,Milva,Reynart,Undirected,1,7
2060,Milva,Ciri,Undirected,1,7
2061,Count,Fringilla,Undirected,1,7
2062,Baron,Anna,Undirected,1,7
2063,Dandelion,Emiel,Undirected,1,7
2064,Emiel,Geralt,Undirected,4,7
2065,Milva,Fringilla,Undirected,2,7
2066,Milva,Baron,Undirected,6,7
2067,Fringilla,Baron,Undirected,1,7
2068,Baron,Geralt,Undirected,1,7
2069,Baron,Milva,Undirected,7,7
2070,Milva,Seven,Undirected,1,7
2071,Baron,Seven,Undirected,1,7
2072,Seven,Baron,Undirected,1,7
2073,Seven,Milva,Undirected,1,7
2074,Geralt,Gar,Undirected,1,7
2075,Fringilla,Fulko,Undirected,3,7
2076,Reynart,Roach,Undirected,1,7
2077,Sir,Dandelion,Undirected,1,7
2078,Sir,Cahir,Undirected,1,7
2079,Dandelion,Cahir,Undirected,2,7
2080,Dandelion,Roach,Undirected,2,7
2081,Ciri,Fringilla,Undirected,3,7
2082,Fringilla,Dandelion,Undirected,3,7
2083,Jan,Fringilla,Undirected,1,7
2084,Jan,Geralt,Undirected,2,7
2085,Geralt,King,Undirected,2,7
2086,Roach,Two,Undirected,2,7
2087,Cahir,Baron,Undirected,1,7
2088,Baron,Dandelion,Undirected,2,7
2089,Milva,Dandelion,Undirected,1,7
2090,Cahir,Geralt,Undirected,10,7
2091,Beau,Fringilla,Undirected,1,7
2092,Fringilla,Philippa,Undirected,9,7
2093,Fringilla,Yennefer,Undirected,3,7
2094,Philippa,Fringilla,Undirected,6,7
2095,Philippa,Yennefer,Undirected,1,7
2096,Keira,Philippa,Undirected,2,7
2097,Keira,Fringilla,Undirected,3,7
2098,Philippa,Margarita,Undirected,3,7
2099,Philippa,Sabrina,Undirected,4,7
2100,Fringilla,Margarita,Undirected,1,7
2101,Fringilla,Sabrina,Undirected,3,7
2102,Margarita,Sabrina,Undirected,1,7
2103,Sabrina,Ida,Undirected,1,7
2104,Ida,Assire,Undirected,2,7
2105,Fringilla,Ciri,Undirected,2,7
2106,Fringilla,Triss,Undirected,3,7
2107,Ciri,Triss,Undirected,12,7
2108,Ciri,Philippa,Undirected,3,7
2109,Triss,Philippa,Undirected,4,7
2110,Fringilla,Little,Undirected,1,7
2111,Dandelion,Little,Undirected,1,7
2112,Little,Fringilla,Undirected,1,7
2113,Baron,Cahir,Undirected,1,7
2114,Fringilla,Cahir,Undirected,2,7
2115,Cahir,Fringilla,Undirected,5,7
2116,Cahir,Ciri,Undirected,5,7
2117,Vilgefortz,Vattier,Undirected,1,7
2118,Vilgefortz,Joachim,Undirected,1,7
2119,Ardal,Emhyr,Undirected,1,7
2120,Stefan,Joachim,Undirected,1,7
2121,Morvran,Count,Undirected,1,7
2122,Emhyr,Ardal,Undirected,2,7
2123,Ardal,Joachim,Undirected,2,7
2124,Ardal,Stefan,Undirected,1,7
2125,Ardal,Vilgefortz,Undirected,1,7
2126,Joachim,Stefan,Undirected,1,7
2127,Joachim,Vilgefortz,Undirected,2,7
2128,Joachim,Emhyr,Undirected,4,7
2129,Stefan,Emhyr,Undirected,3,7
2130,Emhyr,Joachim,Undirected,3,7
2131,Yennefer,Emhyr,Undirected,2,7
2132,Yennefer,Ardal,Undirected,1,7
2133,Yennefer,Joachim,Undirected,1,7
2134,Ardal,Count,Undirected,1,7
2135,Joachim,Count,Undirected,1,7
2136,Count,Vilgefortz,Undirected,1,7
2137,Vilgefortz,Stefan,Undirected,1,7
2138,Fringilla,Vilgefortz,Undirected,6,7
2139,Vilgefortz,Fringilla,Undirected,4,7
2140,Vilgefortz,Geralt,Undirected,14,7
2141,Vilgefortz,Philippa,Undirected,2,7
2142,Fringilla,Keira,Undirected,1,7
2143,Philippa,Vilgefortz,Undirected,3,7
2144,Philippa,Keira,Undirected,1,7
2145,Vilgefortz,Keira,Undirected,1,7
2146,Vilgefortz,Sabrina,Undirected,1,7
2147,Keira,Sabrina,Undirected,2,7
2148,Sabrina,Fringilla,Undirected,3,7
2149,Fringilla,Assire,Undirected,4,7
2150,Guy,Geralt,Undirected,1,7
2151,Guy,Reynart,Undirected,1,7
2152,Fringilla,Beau,Undirected,1,7
2153,Philippa,Francesca,Undirected,3,7
2154,Philippa,Ida,Undirected,1,7
2155,Sabrina,Philippa,Undirected,4,7
2156,Sabrina,Vilgefortz,Undirected,1,7
2157,Philippa,Triss,Undirected,2,7
2158,Margarita,Fringilla,Undirected,1,7
2159,Margarita,Triss,Undirected,1,7
2160,Fringilla,Francesca,Undirected,1,7
2161,Triss,Francesca,Undirected,1,7
2162,Triss,Assire,Undirected,1,7
2163,Francesca,Assire,Undirected,2,7
2164,Francesca,Philippa,Undirected,3,7
2165,Assire,Philippa,Undirected,4,7
2166,Assire,Fringilla,Undirected,1,7
2167,Assire,Sabrina,Undirected,2,7
2168,Ciri,Kelpie,Undirected,25,7
2169,Kelpie,Ciri,Undirected,36,7
2170,Kelpie,Vesemir,Undirected,1,7
2171,Vesemir,Ciri,Undirected,1,7
2172,Eredin,Ciri,Undirected,16,7
2173,Ciri,Eredin,Undirected,13,7
2174,Ciri,Aen,Undirected,9,7
2175,Aen,Eredin,Undirected,2,7
2176,Ciri,Auberon,Undirected,9,7
2177,Auberon,Aen,Undirected,3,7
2178,Auberon,King,Undirected,3,7
2179,Aen,Auberon,Undirected,1,7
2180,Aen,King,Undirected,1,7
2181,Auberon,Eredin,Undirected,3,7
2182,Eredin,Auberon,Undirected,2,7
2183,Auberon,Ciri,Undirected,6,7
2184,Ciri,Gar,Undirected,1,7
2185,Eredin,Gar,Undirected,1,7
2186,Gar,Ciri,Undirected,1,7
2187,Gar,Eredin,Undirected,1,7
2188,Aen,Ciri,Undirected,7,7
2189,Auberon,Geralt,Undirected,2,7
2190,Ciri,King,Undirected,4,7
2191,Vysogota,Ciri,Undirected,2,7
2192,Vysogota,Yennefer,Undirected,1,7
2193,Ciri,Vysogota,Undirected,2,7
2194,Vysogota,Geralt,Undirected,2,7
2195,Kelpie,Aen,Undirected,1,7
2196,Kelpie,Eredin,Undirected,1,7
2197,Eredin,Kelpie,Undirected,3,7
2198,Ciri,Anna,Undirected,1,7
2199,Anna,Eredin,Undirected,1,7
2200,King,Kayleigh,Undirected,1,7
2201,Kayleigh,King,Undirected,1,7
2202,Kayleigh,Ciri,Undirected,1,7
2203,Eredin,Vysogota,Undirected,1,7
2204,Ciri,Little,Undirected,2,7
2205,Ciri,Ihuarraquax,Undirected,3,7
2206,Little,Ihuarraquax,Undirected,1,7
2207,Little,Ciri,Undirected,3,7
2208,Ihuarraquax,Ciri,Undirected,2,7
2209,Ihuarraquax,Little,Undirected,1,7
2210,Gar,Little,Undirected,1,7
2211,Kelpie,Little,Undirected,2,7
2212,Ihuarraquax,Kelpie,Undirected,1,7
2213,Kelpie,Seven,Undirected,1,7
2214,Little,Seven,Undirected,1,7
2215,Seven,Little,Undirected,1,7
2216,Seven,Ciri,Undirected,1,7
2217,King,Menno,Undirected,1,7
2218,Jarre,Milton,Undirected,2,7
2219,Milton,Jarre,Undirected,2,7
2220,Jarre,Jan,Undirected,1,7
2221,Jan,Jarre,Undirected,1,7
2222,Jarre,Sir,Undirected,1,7
2223,Sir,Jarre,Undirected,1,7
2224,Jarre,Two,Undirected,3,7
2225,Two,Jarre,Undirected,2,7
2226,Jarre,Geralt,Undirected,1,7
2227,Jarre,Nenneke,Undirected,3,7
2228,Jarre,Ciri,Undirected,4,7
2229,Geralt,Nenneke,Undirected,1,7
2230,Geralt,Triss,Undirected,1,7
2231,Nenneke,Ciri,Undirected,1,7
2232,Nenneke,Triss,Undirected,6,7
2233,Jarre,King,Undirected,1,7
2234,Adam,Julia,Undirected,5,7
2235,Jarre,Dennis,Undirected,4,7
2236,Dennis,Jarre,Undirected,5,7
2237,Dennis,Nenneke,Undirected,3,7
2238,Nenneke,Dennis,Undirected,1,7
2239,Nenneke,Jarre,Undirected,3,7
2240,Sheldon,Jarre,Undirected,1,7
2241,Jarre,Sheldon,Undirected,1,7
2242,Sheldon,Zoltan,Undirected,1,7
2243,Sheldon,Menno,Undirected,1,7
2244,Zoltan,Menno,Undirected,1,7
2245,Zoltan,Jarre,Undirected,3,7
2246,Menno,Jarre,Undirected,1,7
2247,Zoltan,Dennis,Undirected,2,7
2248,Zoltan,Vissegerd,Undirected,1,7
2249,Zoltan,Julia,Undirected,1,7
2250,Dennis,Vissegerd,Undirected,1,7
2251,Dennis,Julia,Undirected,1,7
2252,Vissegerd,Julia,Undirected,1,7
2253,Vissegerd,Dennis,Undirected,1,7
2254,Julia,Dennis,Undirected,1,7
2255,Julia,Yarpen,Undirected,1,7
2256,Dennis,Yarpen,Undirected,1,7
2257,Dennis,Emhyr,Undirected,1,7
2258,Yarpen,Emhyr,Undirected,1,7
2259,Emhyr,Zoltan,Undirected,1,7
2260,Dennis,Zoltan,Undirected,1,7
2261,Jarre,Zoltan,Undirected,1,7
2262,Dennis,Ciri,Undirected,1,7
2263,Ciri,Nenneke,Undirected,1,7
2264,Kelpie,Ihuarraquax,Undirected,1,7
2265,Kelpie,Two,Undirected,1,7
2266,Two,Kelpie,Undirected,1,7
2267,Two,Ciri,Undirected,3,7
2268,King,Nimue,Undirected,1,7
2269,Fabio,Yennefer,Undirected,1,7
2270,Ciri,Geralt,Undirected,28,7
2271,Geralt,Kelpie,Undirected,3,7
2272,King,Geralt,Undirected,3,7
2273,Nimue,Ithlinne,Undirected,1,7
2274,Ithlinne,Nimue,Undirected,2,7
2275,Nimue,Jan,Undirected,1,7
2276,Ciri,Jarre,Undirected,3,7
2277,Jarre,Anna,Undirected,1,7
2278,Puttkammer,Baron,Undirected,1,7
2279,Puttkammer,Field,Undirected,1,7
2280,Field,Puttkammer,Undirected,1,7
2281,Puttkammer,Seven,Undirected,1,7
2282,Julia,Adam,Undirected,1,7
2283,Bronibor,Adam,Undirected,1,7
2284,Bronibor,Barclay,Undirected,1,7
2285,Adam,Barclay,Undirected,1,7
2286,Jarre,Field,Undirected,2,7
2287,Jarre,Menno,Undirected,1,7
2288,Field,Menno,Undirected,3,7
2289,Menno,Field,Undirected,2,7
2290,Field,Ramon,Undirected,1,7
2291,Iola,Marti,Undirected,3,7
2292,Marti,Iola,Undirected,6,7
2293,King,Sword,Undirected,1,7
2294,King,Assire,Undirected,1,7
2295,King,Philippa,Undirected,3,7
2296,Iola,Shani,Undirected,3,7
2297,Shani,Marti,Undirected,1,7
2298,Adam,Jarre,Undirected,1,7
2299,Aubry,Julia,Undirected,1,7
2300,Barclay,Aubry,Undirected,3,7
2301,Aubry,Foltest,Undirected,2,7
2302,Foltest,Aubry,Undirected,1,7
2303,Aubry,Barclay,Undirected,2,7
2304,Two,Barclay,Undirected,1,7
2305,Julia,Aubry,Undirected,1,7
2306,Julia,Marti,Undirected,1,7
2307,Marti,Shani,Undirected,3,7
2308,Shani,Iola,Undirected,4,7
2309,Menno,Isengrim,Undirected,2,7
2310,Isengrim,Menno,Undirected,1,7
2311,Menno,Iola,Undirected,1,7
2312,Triss,Nenneke,Undirected,7,7
2313,Jarre,Triss,Undirected,1,7
2314,Count,Gar,Undirected,1,7
2315,Marti,Daniel,Undirected,1,7
2316,Marti,Count,Undirected,1,7
2317,Daniel,Count,Undirected,1,7
2318,Count,Shani,Undirected,1,7
2319,Adam,Foltest,Undirected,1,7
2320,Adam,Bronibor,Undirected,1,7
2321,Julia,Foltest,Undirected,1,7
2322,Julia,Bronibor,Undirected,1,7
2323,Foltest,Bronibor,Undirected,1,7
2324,Iola,Yaevinn,Undirected,1,7
2325,Kobus,Count,Undirected,1,7
2326,Puttkammer,Menno,Undirected,1,7
2327,Menno,Puttkammer,Undirected,1,7
2328,Sir,Seven,Undirected,1,7
2329,Elan,Seven,Undirected,1,7
2330,Jarre,Bronibor,Undirected,4,7
2331,Bronibor,Jarre,Undirected,2,7
2332,Bronibor,Seven,Undirected,1,7
2333,Field,Bronibor,Undirected,1,7
2334,Menno,Sievers,Undirected,1,7
2335,Sievers,Seven,Undirected,1,7
2336,Sievers,Field,Undirected,1,7
2337,Zoltan,Munro,Undirected,1,7
2338,Zoltan,Guy,Undirected,1,7
2339,Munro,Guy,Undirected,1,7
2340,Munro,Field,Undirected,1,7
2341,Guy,Field,Undirected,1,7
2342,Jarre,Iola,Undirected,1,7
2343,Iola,Bronibor,Undirected,1,7
2344,Iola,Jarre,Undirected,1,7
2345,King,Meve,Undirected,2,7
2346,King,Ardal,Undirected,1,7
2347,Meve,Ardal,Undirected,1,7
2348,Ciri,Marti,Undirected,1,7
2349,Milo,Marti,Undirected,1,7
2350,Ciri,Stefan,Undirected,1,7
2351,Vilgefortz,Aen,Undirected,2,7
2352,Milva,Maria,Undirected,2,7
2353,Geralt,Maria,Undirected,1,7
2354,Ciri,Emiel,Undirected,2,7
2355,Geralt,Emiel,Undirected,2,7
2356,Emiel,Ciri,Undirected,1,7
2357,Yennefer,Emiel,Undirected,1,7
2358,Vilgefortz,Emiel,Undirected,1,7
2359,Geralt,Vilgefortz,Undirected,22,7
2360,Count,Stefan,Undirected,1,7
2361,Leo,Vilgefortz,Undirected,1,7
2362,Ciri,Cahir,Undirected,6,7
2363,Cahir,Two,Undirected,1,7
2364,Cahir,Aillil,Undirected,1,7
2365,Fringilla,Count,Undirected,1,7
2366,Count,Ciri,Undirected,2,7
2367,Ciri,Leo,Undirected,1,7
2368,Leo,Yennefer,Undirected,1,7
2369,Leo,Ciri,Undirected,1,7
2370,Geralt,Emhyr,Undirected,2,7
2371,Geralt,Pavetta,Undirected,2,7
2372,Emhyr,Vilgefortz,Undirected,2,7
2373,Emhyr,Pavetta,Undirected,2,7
2374,Vilgefortz,Pavetta,Undirected,1,7
2375,Pavetta,Emhyr,Undirected,2,7
2376,Emhyr,Duke,Undirected,1,7
2377,Duke,Emhyr,Undirected,1,7
2378,Emhyr,Xarthisius,Undirected,1,7
2379,Xarthisius,Vilgefortz,Undirected,1,7
2380,Vilgefortz,Braathens,Undirected,1,7
2381,Pavetta,Vilgefortz,Undirected,1,7
2382,Pavetta,Ciri,Undirected,1,7
2383,Emhyr,Calanthe,Undirected,1,7
2384,Geralt,Calanthe,Undirected,1,7
2385,Calanthe,Vilgefortz,Undirected,1,7
2386,Calanthe,Ciri,Undirected,1,7
2387,Emhyr,Ciri,Undirected,3,7
2388,Francesca,Geralt,Undirected,1,7
2389,Francesca,Fringilla,Undirected,1,7
2390,Pavetta,Calanthe,Undirected,1,7
2391,Pavetta,Cyrus,Undirected,1,7
2392,Calanthe,Cyrus,Undirected,1,7
2393,Cyrus,Calanthe,Undirected,1,7
2394,Calanthe,Triss,Undirected,1,7
2395,Triss,Ciri,Undirected,12,7
2396,Shilard,King,Undirected,1,7
2397,Shilard,Foltest,Undirected,2,7
2398,Shilard,Henselt,Undirected,1,7
2399,King,Foltest,Undirected,1,7
2400,King,Henselt,Undirected,2,7
2401,Foltest,Henselt,Undirected,4,7
2402,Henselt,King,Undirected,2,7
2403,Henselt,Meve,Undirected,2,7
2404,Henselt,Demavend,Undirected,4,7
2405,King,Demavend,Undirected,3,7
2406,Meve,Demavend,Undirected,1,7
2407,Meve,Henselt,Undirected,1,7
2408,Demavend,Henselt,Undirected,2,7
2409,Foltest,Demavend,Undirected,1,7
2410,Demavend,Cyrus,Undirected,2,7
2411,Demavend,Shilard,Undirected,3,7
2412,Cyrus,Shilard,Undirected,1,7
2413,Sabrina,Emhyr,Undirected,1,7
2414,Sabrina,Demavend,Undirected,3,7
2415,Sabrina,Shilard,Undirected,1,7
2416,Emhyr,Demavend,Undirected,2,7
2417,Emhyr,Shilard,Undirected,2,7
2418,Demavend,Assire,Undirected,3,7
2419,Shilard,Assire,Undirected,1,7
2420,Assire,Francesca,Undirected,1,7
2421,Sabrina,Francesca,Undirected,3,7
2422,Sabrina,Margarita,Undirected,2,7
2423,Francesca,Sabrina,Undirected,2,7
2424,Francesca,Margarita,Undirected,1,7
2425,Francesca,King,Undirected,2,7
2426,Sabrina,King,Undirected,1,7
2427,Margarita,King,Undirected,1,7
2428,Margarita,Demavend,Undirected,1,7
2429,Francesca,Demavend,Undirected,3,7
2430,King,Sabrina,Undirected,1,7
2431,King,Francesca,Undirected,1,7
2432,Demavend,Sabrina,Undirected,1,7
2433,Demavend,Francesca,Undirected,2,7
2434,Demavend,Philippa,Undirected,2,7
2435,Philippa,Demavend,Undirected,4,7
2436,Philippa,Assire,Undirected,1,7
2437,Riordain,Isengrim,Undirected,1,7
2438,Shilard,Baron,Undirected,4,7
2439,Baron,Ambassador,Undirected,1,7
2440,Ambassador,Shilard,Undirected,1,7
2441,Baron,Shilard,Undirected,2,7
2442,Shilard,Emhyr,Undirected,2,7
2443,Shilard,Demavend,Undirected,1,7
2444,Foltest,Meve,Undirected,2,7
2445,Henselt,Foltest,Undirected,1,7
2446,Meve,Foltest,Undirected,1,7
2447,Meve,Calanthe,Undirected,1,7
2448,Foltest,Calanthe,Undirected,1,7
2449,Philippa,Foltest,Undirected,1,7
2450,Foltest,Philippa,Undirected,1,7
2451,Foltest,Emhyr,Undirected,1,7
2452,Philippa,Emhyr,Undirected,1,7
2453,Emhyr,Margarita,Undirected,1,7
2454,Margarita,Assire,Undirected,1,7
2455,Triss,Vattier,Undirected,1,7
2456,Vattier,Emhyr,Undirected,2,7
2457,Vattier,Count,Undirected,2,7
2458,Vattier,Stefan,Undirected,1,7
2459,Zuleyka,Ciri,Undirected,2,7
2460,Zuleyka,Calanthe,Undirected,1,7
2461,Zuleyka,Shilard,Undirected,1,7
2462,Ciri,Calanthe,Undirected,1,7
2463,Ciri,Shilard,Undirected,1,7
2464,Calanthe,Shilard,Undirected,1,7
2465,Calanthe,Emhyr,Undirected,1,7
2466,Pavetta,Philippa,Undirected,1,7
2467,Demavend,Radovid,Undirected,1,7
2468,Cyrus,Radovid,Undirected,2,7
2469,Philippa,Radovid,Undirected,1,7
2470,Nenneke,Iola,Undirected,1,7
2471,Iola,Milo,Undirected,1,7
2472,Philippa,Sigismund,Undirected,1,7
2473,Lucienne,Jarre,Undirected,8,7
2474,Jarre,Lucienne,Undirected,6,7
2475,Two,Lucienne,Undirected,1,7
2476,Toruviel,Lucienne,Undirected,1,7
2477,Rayla,Barclay,Undirected,2,7
2478,Isengrim,Riordain,Undirected,1,7
2479,Philippa,King,Undirected,2,7
2480,Ciri,Beau,Undirected,1,7
2481,Dandelion,Beau,Undirected,2,7
2482,Beau,Count,Undirected,1,7
2483,Julia,Ciri,Undirected,1,7
2484,Julia,Count,Undirected,3,7
2485,Ciri,Count,Undirected,1,7
2486,Ciri,Julia,Undirected,1,7
2487,Count,Julia,Undirected,1,7
2488,Julia,Anna,Undirected,1,7
2489,Dandelion,Anna,Undirected,1,7
2490,Anna,Beau,Undirected,1,7
2491,Dandelion,Baron,Undirected,1,7
2492,Fringilla,Jan,Undirected,1,7
2493,Jan,Dandelion,Undirected,1,7
2494,Yennefer,Kelpie,Undirected,2,7
2495,Kelpie,Geralt,Undirected,1,7
2496,Kelpie,Dandelion,Undirected,1,7
2497,Yennefer,Triss,Undirected,10,7
2498,Ciri,Margarita,Undirected,2,7
2499,Triss,Margarita,Undirected,2,7
2500,Triss,Yennefer,Undirected,15,7
2501,Margarita,Yennefer,Undirected,2,7
2502,Margarita,Ciri,Undirected,1,7
2503,Yennefer,Philippa,Undirected,2,7
2504,Philippa,Ciri,Undirected,7,7
2505,Ciri,Francesca,Undirected,3,7
2506,Francesca,Yennefer,Undirected,2,7
2507,Francesca,Tissaia,Undirected,2,7
2508,Yennefer,Tissaia,Undirected,8,7
2509,Tissaia,Ciri,Undirected,2,7
2510,Emhyr,Philippa,Undirected,1,7
2511,Philippa,Esterad,Undirected,1,7
2512,Philippa,Zuleyka,Undirected,1,7
2513,Esterad,Zuleyka,Undirected,1,7
2514,Esterad,Ciri,Undirected,1,7
2515,Yennefer,Francesca,Undirected,1,7
2516,Francesca,Ciri,Undirected,2,7
2517,Yennefer,Margarita,Undirected,1,7
2518,Geralt,Margarita,Undirected,2,7
2519,Margarita,Geralt,Undirected,2,7
2520,Ciri,Sabrina,Undirected,2,7
2521,Sabrina,Keira,Undirected,1,7
2522,Sabrina,Geralt,Undirected,1,7
2523,Keira,Geralt,Undirected,1,7
2524,Keira,Yennefer,Undirected,1,7
2525,Geralt,Sabrina,Undirected,2,7
2526,Sabrina,Yennefer,Undirected,3,7
2527,Triss,Geralt,Undirected,1,7
2528,Triss,Tissaia,Undirected,1,7
2529,Geralt,Tissaia,Undirected,1,7
2530,Margarita,Tissaia,Undirected,1,7
2531,Tissaia,Francesca,Undirected,1,7
2532,Ida,Ciri,Undirected,1,7
2533,Assire,Ciri,Undirected,1,7
2534,Yennefer,Sabrina,Undirected,2,7
2535,Dandelion,Meve,Undirected,1,7
2536,Two,Dandelion,Undirected,2,7
2537,Two,Geralt,Undirected,2,7
2538,Yarpen,Zoltan,Undirected,8,7
2539,Zoltan,Yarpen,Undirected,5,7
2540,Zoltan,King,Undirected,1,7
2541,Yarpen,King,Undirected,3,7
2542,King,Zoltan,Undirected,1,7
2543,King,Yarpen,Undirected,1,7
2544,Zoltan,Percival,Undirected,1,7
2545,Percival,Field,Undirected,1,7
2546,Field,Yarpen,Undirected,1,7
2547,Zoltan,Regan,Undirected,1,7
2548,Yarpen,Eudora,Undirected,2,7
2549,Zoltan,Eudora,Undirected,2,7
2550,Eudora,Zoltan,Undirected,1,7
2551,Eudora,Dandelion,Undirected,1,7
2552,Zoltan,Dandelion,Undirected,2,7
2553,Yennefer,King,Undirected,1,7
2554,Yarpen,Geralt,Undirected,2,7
2555,Dandelion,Yarpen,Undirected,3,7
2556,Yarpen,Dandelion,Undirected,1,7
2557,King,Dandelion,Undirected,1,7
2558,Dandelion,Zoltan,Undirected,1,7
2559,Zoltan,Sword,Undirected,1,7
2560,Eskel,Geralt,Undirected,1,7
2561,Eskel,Vesemir,Undirected,3,7
2562,Eskel,Lambert,Undirected,1,7
2563,Geralt,Vesemir,Undirected,1,7
2564,Geralt,Lambert,Undirected,2,7
2565,Vesemir,Lambert,Undirected,2,7
2566,Vesemir,Eskel,Undirected,2,7
2567,Vesemir,Geralt,Undirected,1,7
2568,Lambert,Eskel,Undirected,1,7
2569,Lambert,Vesemir,Undirected,1,7
2570,Geralt,Zoltan,Undirected,1,7
2571,Kelpie,Yennefer,Undirected,5,7
2572,Triss,Kelpie,Undirected,2,7
2573,Tissaia,Yennefer,Undirected,3,7
2574,Triss,Alzur,Undirected,1,7
2575,Yennefer,Alzur,Undirected,1,7
2576,Nimue,Triss,Undirected,3,7
2577,Triss,Nimue,Undirected,1,7
2578,Dandelion,Yennefer,Undirected,2,7
2579,Yennefer,Dandelion,Undirected,1,7
2580,Dandelion,Triss,Undirected,1,7
2581,Kelpie,Triss,Undirected,1,7
2582,Ciri,Milva,Undirected,1,7
2583,Yennefer,Cahir,Undirected,1,7
2584,Yennefer,Milva,Undirected,1,7
2585,Yennefer,Zoltan,Undirected,1,7
2586,Cahir,Zoltan,Undirected,1,7
2587,Cahir,Triss,Undirected,1,7
2588,Milva,Zoltan,Undirected,1,7
2589,Milva,Triss,Undirected,1,7
2590,Milva,Lytta,Undirected,1,7
2591,Zoltan,Triss,Undirected,1,7
2592,Zoltan,Lytta,Undirected,1,7
2593,Zoltan,Ciri,Undirected,1,7
2594,Triss,Lytta,Undirected,1,7
2595,Lytta,Ciri,Undirected,2,7
2596,Lytta,Triss,Undirected,1,7
2597,Triss,Dandelion,Undirected,1,7
2598,Triss,Yarpen,Undirected,1,7
2599,Dandelion,Mistle,Undirected,1,7
