Entity,Code,Year,Cantril ladder score
Afghanistan,AFG,2011,4.25835
Afghanistan,AFG,2014,3.575
Afghanistan,AFG,2015,3.36
Afghanistan,AFG,2016,3.794
Afghanistan,AFG,2017,3.6315
Afghanistan,AFG,2018,3.2033
Afghanistan,AFG,2019,2.5669
Afghanistan,AFG,2020,2.5229
Afghanistan,AFG,2021,2.4038
Afghanistan,AFG,2022,1.859
Afghanistan,AFG,2023,1.721
Africa,,2011,4.4531074
Africa,,2014,4.4741573
Africa,,2015,4.395968
Africa,,2016,4.457408
Africa,,2017,4.4459715
Africa,,2018,4.5119743
Africa,,2019,4.4599953
Africa,,2020,4.551006
Africa,,2021,4.517288
Africa,,2022,4.4265237
Africa,,2023,4.384616
Albania,ALB,2011,5.133704
Albania,ALB,2014,4.959
Albania,ALB,2015,4.655
Albania,ALB,2016,4.644
Albania,ALB,2017,4.586
Albania,ALB,2018,4.7186
Albania,ALB,2019,4.8827
Albania,ALB,2020,5.1174
Albania,ALB,2021,5.1988
Albania,ALB,2022,5.2773
Albania,ALB,2023,5.3042
Algeria,DZA,2011,5.367827
Algeria,DZA,2014,5.605
Algeria,DZA,2015,6.355
Algeria,DZA,2016,5.872
Algeria,DZA,2017,5.2946
Algeria,DZA,2018,5.2113
Algeria,DZA,2019,5.0051
Algeria,DZA,2020,4.8871
Algeria,DZA,2021,5.1223
Algeria,DZA,2022,5.3291
Algeria,DZA,2023,5.3635
Angola,AGO,2011,4.17838
Angola,AGO,2014,4.033
Angola,AGO,2015,3.866
Angola,AGO,2016,3.795
Angola,AGO,2017,3.7948
Argentina,ARG,2011,6.242357
Argentina,ARG,2014,6.574
Argentina,ARG,2015,6.65
Argentina,ARG,2016,6.599
Argentina,ARG,2017,6.388
Argentina,ARG,2018,6.0863
Argentina,ARG,2019,5.9747
Argentina,ARG,2020,5.9293
Argentina,ARG,2021,5.967
Argentina,ARG,2022,6.0237
Argentina,ARG,2023,6.1881
Armenia,ARM,2011,4.473529
Armenia,ARM,2014,4.35
Armenia,ARM,2015,4.36
Armenia,ARM,2016,4.376
Armenia,ARM,2017,4.3206
Armenia,ARM,2018,4.5594
Armenia,ARM,2019,4.6768
Armenia,ARM,2020,5.2826
Armenia,ARM,2021,5.3986
Armenia,ARM,2022,5.3417
Armenia,ARM,2023,5.4549
Asia,,2011,4.984745
Asia,,2014,5.009448
Asia,,2015,4.982811
Asia,,2016,4.9764075
Asia,,2017,4.9194794
Asia,,2018,4.8504577
Asia,,2019,4.732687
Asia,,2020,4.8465176
Asia,,2021,4.892916
Asia,,2022,5.0073028
Asia,,2023,5.0826163
Australia,AUS,2011,7.344625
Australia,AUS,2014,7.284
Australia,AUS,2015,7.313
Australia,AUS,2016,7.284
Australia,AUS,2017,7.2721
Australia,AUS,2018,7.228
Australia,AUS,2019,7.2228
Australia,AUS,2020,7.1835
Australia,AUS,2021,7.1621
Australia,AUS,2022,7.0946
Australia,AUS,2023,7.0569
Austria,AUT,2011,7.227316
Austria,AUT,2014,7.2
Austria,AUT,2015,7.119
Austria,AUT,2016,7.006
Austria,AUT,2017,7.1394
Austria,AUT,2018,7.246
Austria,AUT,2019,7.2942
Austria,AUT,2020,7.2678
Austria,AUT,2021,7.163
Austria,AUT,2022,7.0973
Austria,AUT,2023,6.9047
Azerbaijan,AZE,2011,4.581938
Azerbaijan,AZE,2014,5.212
Azerbaijan,AZE,2015,5.291
Azerbaijan,AZE,2016,5.234
Azerbaijan,AZE,2017,5.2006
Azerbaijan,AZE,2018,5.2077
Azerbaijan,AZE,2019,5.1648
Azerbaijan,AZE,2020,5.1708
Azerbaijan,AZE,2021,5.1734
Azerbaijan,AZE,2023,4.8934
Bahrain,BHR,2011,5.567952
Bahrain,BHR,2014,5.96
Bahrain,BHR,2015,6.218
Bahrain,BHR,2016,6.087
Bahrain,BHR,2017,6.1051
Bahrain,BHR,2018,6.1994
Bahrain,BHR,2019,6.2273
Bahrain,BHR,2020,6.6469
Bahrain,BHR,2021,6.6469
Bahrain,BHR,2022,6.1732
Bahrain,BHR,2023,5.9591
Bangladesh,BGD,2011,4.807098
Bangladesh,BGD,2014,4.694
Bangladesh,BGD,2015,4.643
Bangladesh,BGD,2016,4.608
Bangladesh,BGD,2017,4.5004
Bangladesh,BGD,2018,4.4558
Bangladesh,BGD,2019,4.8328
Bangladesh,BGD,2020,5.0246
Bangladesh,BGD,2021,5.1555
Bangladesh,BGD,2022,4.2821
Bangladesh,BGD,2023,3.8859
Belarus,BLR,2011,5.566307
Belarus,BLR,2014,5.813
Belarus,BLR,2015,5.802
Belarus,BLR,2016,5.569
Belarus,BLR,2017,5.4833
Belarus,BLR,2018,5.3225
Belarus,BLR,2019,5.5399
Belarus,BLR,2020,5.5335
Belarus,BLR,2021,5.8215
Belgium,BEL,2011,7.113178
Belgium,BEL,2014,6.937
Belgium,BEL,2015,6.929
Belgium,BEL,2016,6.891
Belgium,BEL,2017,6.9269
Belgium,BEL,2018,6.923
Belgium,BEL,2019,6.8635
Belgium,BEL,2020,6.834
Belgium,BEL,2021,6.805
Belgium,BEL,2022,6.8591
Belgium,BEL,2023,6.8942
Belize,BLZ,2011,6.450644
Belize,BLZ,2015,5.956
Belize,BLZ,2016,5.956
Belize,BLZ,2017,5.9556
Benin,BEN,2011,3.492997
Benin,BEN,2014,3.34
Benin,BEN,2015,3.484
Benin,BEN,2016,3.657
Benin,BEN,2017,4.1414
Benin,BEN,2018,4.8832
Benin,BEN,2019,5.216
Benin,BEN,2020,5.0452
Benin,BEN,2021,4.6232
Benin,BEN,2022,4.3737
Benin,BEN,2023,4.3774
Bhutan,BTN,2014,5.253
Bhutan,BTN,2015,5.196
Bhutan,BTN,2016,5.011
Bhutan,BTN,2017,5.0821
Bhutan,BTN,2018,5.0821
Bolivia,BOL,2011,5.633493
Bolivia,BOL,2014,5.89
Bolivia,BOL,2015,5.822
Bolivia,BOL,2016,5.823
Bolivia,BOL,2017,5.7519
Bolivia,BOL,2018,5.7793
Bolivia,BOL,2019,5.7475
Bolivia,BOL,2020,5.7159
Bolivia,BOL,2021,5.6003
Bolivia,BOL,2022,5.6843
Bolivia,BOL,2023,5.7843
Bosnia and Herzegovina,BIH,2011,4.857435
Bosnia and Herzegovina,BIH,2014,4.949
Bosnia and Herzegovina,BIH,2015,5.163
Bosnia and Herzegovina,BIH,2016,5.182
Bosnia and Herzegovina,BIH,2017,5.1294
Bosnia and Herzegovina,BIH,2018,5.3865
Bosnia and Herzegovina,BIH,2019,5.6741
Bosnia and Herzegovina,BIH,2020,5.8131
Bosnia and Herzegovina,BIH,2021,5.768
Bosnia and Herzegovina,BIH,2022,5.6325
Bosnia and Herzegovina,BIH,2023,5.877
Botswana,BWA,2011,4.580534
Botswana,BWA,2014,4.332
Botswana,BWA,2015,3.974
Botswana,BWA,2016,3.766
Botswana,BWA,2017,3.5898
Botswana,BWA,2018,3.4884
Botswana,BWA,2019,3.4789
Botswana,BWA,2020,3.4665
Botswana,BWA,2021,3.4711
Botswana,BWA,2022,3.4353
Botswana,BWA,2023,3.3834
Brazil,BRA,2011,6.697499
Brazil,BRA,2014,6.983
Brazil,BRA,2015,6.952
Brazil,BRA,2016,6.635
Brazil,BRA,2017,6.4189
Brazil,BRA,2018,6.2998
Brazil,BRA,2019,6.3756
Brazil,BRA,2020,6.3301
Brazil,BRA,2021,6.2928
Brazil,BRA,2022,6.1246
Brazil,BRA,2023,6.272
Bulgaria,BGR,2011,3.889474
Bulgaria,BGR,2014,4.218
Bulgaria,BGR,2015,4.217
Bulgaria,BGR,2016,4.714
Bulgaria,BGR,2017,4.9331
Bulgaria,BGR,2018,5.011
Bulgaria,BGR,2019,5.1015
Bulgaria,BGR,2020,5.2655
Bulgaria,BGR,2021,5.3709
Bulgaria,BGR,2022,5.4661
Bulgaria,BGR,2023,5.4627
Burkina Faso,BFA,2011,3.926028
Burkina Faso,BFA,2014,3.587
Burkina Faso,BFA,2015,3.739
Burkina Faso,BFA,2016,4.032
Burkina Faso,BFA,2017,4.4244
Burkina Faso,BFA,2018,4.5868
Burkina Faso,BFA,2019,4.7687
Burkina Faso,BFA,2020,4.8338
Burkina Faso,BFA,2021,4.6705
Burkina Faso,BFA,2022,4.6376
Burkina Faso,BFA,2023,4.548
Burundi,BDI,2011,3.67756
Burundi,BDI,2014,2.905
Burundi,BDI,2015,2.905
Burundi,BDI,2016,2.905
Burundi,BDI,2017,2.9045
Burundi,BDI,2018,3.7753
Burundi,BDI,2019,3.7753
Burundi,BDI,2020,3.7753
Cambodia,KHM,2011,4.100715
Cambodia,KHM,2014,3.819
Cambodia,KHM,2015,3.907
Cambodia,KHM,2016,4.168
Cambodia,KHM,2017,4.4326
Cambodia,KHM,2018,4.6998
Cambodia,KHM,2019,4.8484
Cambodia,KHM,2020,4.8304
Cambodia,KHM,2021,4.6403
Cambodia,KHM,2022,4.3935
Cambodia,KHM,2023,4.3407
Cameroon,CMR,2011,4.375735
Cameroon,CMR,2014,4.252
Cameroon,CMR,2015,4.513
Cameroon,CMR,2016,4.695
Cameroon,CMR,2017,4.9753
Cameroon,CMR,2018,5.0437
Cameroon,CMR,2019,5.0849
Cameroon,CMR,2020,5.1418
Cameroon,CMR,2021,5.0476
Cameroon,CMR,2022,4.9732
Cameroon,CMR,2023,4.8744
Canada,CAN,2011,7.499089
Canada,CAN,2014,7.427
Canada,CAN,2015,7.404
Canada,CAN,2016,7.316
Canada,CAN,2017,7.3285
Canada,CAN,2018,7.2781
Canada,CAN,2019,7.2321
Canada,CAN,2020,7.1033
Canada,CAN,2021,7.0251
Canada,CAN,2022,6.9607
Canada,CAN,2023,6.8996
Central African Republic,CAF,2011,3.567892
Central African Republic,CAF,2014,3.678
Central African Republic,CAF,2016,2.693
Central African Republic,CAF,2017,3.083
Central African Republic,CAF,2018,3.083
Central African Republic,CAF,2019,3.4759
Chad,TCD,2011,3.919401
Chad,TCD,2014,3.667
Chad,TCD,2015,3.763
Chad,TCD,2016,3.936
Chad,TCD,2017,4.3006
Chad,TCD,2018,4.3495
Chad,TCD,2019,4.4227
Chad,TCD,2020,4.3554
Chad,TCD,2021,4.2508
Chad,TCD,2022,4.3966
Chad,TCD,2023,4.4713
Chile,CHL,2011,6.12797
Chile,CHL,2014,6.67
Chile,CHL,2015,6.705
Chile,CHL,2016,6.652
Chile,CHL,2017,6.4762
Chile,CHL,2018,6.444
Chile,CHL,2019,6.2285
Chile,CHL,2020,6.1719
Chile,CHL,2021,6.1718
Chile,CHL,2022,6.3338
Chile,CHL,2023,6.3603
China,CHN,2011,4.679718
China,CHN,2014,5.14
China,CHN,2015,5.245
China,CHN,2016,5.273
China,CHN,2017,5.2458
China,CHN,2018,5.1909
China,CHN,2019,5.1239
China,CHN,2020,5.3391
China,CHN,2021,5.5853
China,CHN,2022,5.8179
China,CHN,2023,5.9727
Colombia,COL,2011,6.202322
Colombia,COL,2014,6.477
Colombia,COL,2015,6.481
Colombia,COL,2016,6.357
Colombia,COL,2017,6.2601
Colombia,COL,2018,6.1248
Colombia,COL,2019,6.1634
Colombia,COL,2020,6.0124
Colombia,COL,2021,5.7806
Colombia,COL,2022,5.6304
Colombia,COL,2023,5.6951
Comoros,COM,2011,3.700023
Comoros,COM,2014,3.956
Comoros,COM,2015,3.956
Comoros,COM,2018,3.9728
Comoros,COM,2019,4.2886
Comoros,COM,2020,4.2886
Comoros,COM,2021,4.6086
Comoros,COM,2022,3.5452
Comoros,COM,2023,3.5663
Congo,COG,2011,3.819792
Congo,COG,2014,3.989
Congo,COG,2015,4.236
Congo,COG,2016,4.291
Congo,COG,2017,4.5587
Congo,COG,2018,4.8115
Congo,COG,2019,5.1944
Congo,COG,2020,5.3417
Congo,COG,2021,5.0752
Congo,COG,2022,5.2671
Congo,COG,2023,5.2215
Costa Rica,CRI,2011,7.251115
Costa Rica,CRI,2014,7.226
Costa Rica,CRI,2015,7.087
Costa Rica,CRI,2016,7.079
Costa Rica,CRI,2017,7.0717
Costa Rica,CRI,2018,7.1674
Costa Rica,CRI,2019,7.1214
Costa Rica,CRI,2020,7.0694
Costa Rica,CRI,2021,6.582
Costa Rica,CRI,2022,6.6085
Costa Rica,CRI,2023,6.9554
Cote d'Ivoire,CIV,2011,4.197182
Cote d'Ivoire,CIV,2014,3.655
Cote d'Ivoire,CIV,2015,3.916
Cote d'Ivoire,CIV,2016,4.18
Cote d'Ivoire,CIV,2017,4.6712
Cote d'Ivoire,CIV,2018,4.9438
Cote d'Ivoire,CIV,2019,5.2333
Cote d'Ivoire,CIV,2020,5.306
Cote d'Ivoire,CIV,2021,5.2346
Cote d'Ivoire,CIV,2022,5.0527
Cote d'Ivoire,CIV,2023,5.0801
Croatia,HRV,2011,5.622628
Croatia,HRV,2014,5.759
Croatia,HRV,2015,5.488
Croatia,HRV,2016,5.293
Croatia,HRV,2017,5.3212
Croatia,HRV,2018,5.4318
Croatia,HRV,2019,5.5047
Croatia,HRV,2020,5.8817
Croatia,HRV,2021,6.1252
Croatia,HRV,2022,6.125
Croatia,HRV,2023,5.9423
Cuba,CUB,2011,5.417868
Cyprus,CYP,2011,6.416459
Cyprus,CYP,2014,5.689
Cyprus,CYP,2015,5.546
Cyprus,CYP,2016,5.621
Cyprus,CYP,2017,5.7625
Cyprus,CYP,2018,6.0458
Cyprus,CYP,2019,6.159
Cyprus,CYP,2020,6.2235
Cyprus,CYP,2021,6.2209
Cyprus,CYP,2022,6.13
Cyprus,CYP,2023,6.0681
Czechia,CZE,2011,6.35963
Czechia,CZE,2014,6.505
Czechia,CZE,2015,6.596
Czechia,CZE,2016,6.609
Czechia,CZE,2017,6.7109
Czechia,CZE,2018,6.8521
Czechia,CZE,2019,6.9109
Czechia,CZE,2020,6.9647
Czechia,CZE,2021,6.9198
Czechia,CZE,2022,6.8452
Czechia,CZE,2023,6.8218
Democratic Republic of Congo,COD,2011,3.983849
Democratic Republic of Congo,COD,2014,4.517
Democratic Republic of Congo,COD,2015,4.272
Democratic Republic of Congo,COD,2016,4.28
Democratic Republic of Congo,COD,2017,4.2449
Democratic Republic of Congo,COD,2018,4.4181
Democratic Republic of Congo,COD,2019,4.311
Democratic Republic of Congo,COD,2022,3.2072
Democratic Republic of Congo,COD,2023,3.2954
Denmark,DNK,2011,7.85574
Denmark,DNK,2014,7.527
Denmark,DNK,2015,7.526
Denmark,DNK,2016,7.522
Denmark,DNK,2017,7.5553
Denmark,DNK,2018,7.6001
Denmark,DNK,2019,7.6456
Denmark,DNK,2020,7.6195
Denmark,DNK,2021,7.6362
Denmark,DNK,2022,7.5864
Denmark,DNK,2023,7.5827
Djibouti,DJI,2011,4.956731
Djibouti,DJI,2014,4.369
Dominican Republic,DOM,2011,5.036006
Dominican Republic,DOM,2014,4.885
Dominican Republic,DOM,2015,5.155
Dominican Republic,DOM,2016,5.23
Dominican Republic,DOM,2017,5.3018
Dominican Republic,DOM,2018,5.4253
Dominican Republic,DOM,2019,5.6892
Dominican Republic,DOM,2020,5.5451
Dominican Republic,DOM,2021,5.7372
Dominican Republic,DOM,2022,5.5689
Dominican Republic,DOM,2023,5.8228
Ecuador,ECU,2011,5.424841
Ecuador,ECU,2014,5.975
Ecuador,ECU,2015,5.976
Ecuador,ECU,2016,6.008
Ecuador,ECU,2017,5.9732
Ecuador,ECU,2018,6.0276
Ecuador,ECU,2019,5.9252
Ecuador,ECU,2020,5.764
Ecuador,ECU,2021,5.5333
Ecuador,ECU,2022,5.5589
Ecuador,ECU,2023,5.7245
Egypt,EGY,2011,4.8534
Egypt,EGY,2014,4.194
Egypt,EGY,2015,4.362
Egypt,EGY,2016,4.735
Egypt,EGY,2017,4.4192
Egypt,EGY,2018,4.1655
Egypt,EGY,2019,4.1514
Egypt,EGY,2020,4.2827
Egypt,EGY,2021,4.2877
Egypt,EGY,2022,4.1705
Egypt,EGY,2023,3.9766
El Salvador,SLV,2011,5.955841
El Salvador,SLV,2014,6.13
El Salvador,SLV,2015,6.068
El Salvador,SLV,2016,6.003
El Salvador,SLV,2017,6.1668
El Salvador,SLV,2018,6.2531
El Salvador,SLV,2019,6.3483
El Salvador,SLV,2020,6.0605
El Salvador,SLV,2021,6.12
El Salvador,SLV,2022,6.1216
El Salvador,SLV,2023,6.4687
Estonia,EST,2011,5.329978
Estonia,EST,2014,5.429
Estonia,EST,2015,5.517
Estonia,EST,2016,5.611
Estonia,EST,2017,5.7392
Estonia,EST,2018,5.8935
Estonia,EST,2019,6.0218
Estonia,EST,2020,6.1888
Estonia,EST,2021,6.3408
Estonia,EST,2022,6.4552
Estonia,EST,2023,6.4477
Eswatini,SWZ,2014,4.867
Eswatini,SWZ,2018,4.2116
Eswatini,SWZ,2019,4.3081
Eswatini,SWZ,2020,4.3081
Eswatini,SWZ,2021,4.3961
Eswatini,SWZ,2023,3.502
Ethiopia,ETH,2011,4.064207
Ethiopia,ETH,2014,4.512
Ethiopia,ETH,2015,4.508
Ethiopia,ETH,2016,4.46
Ethiopia,ETH,2017,4.3502
Ethiopia,ETH,2018,4.2858
Ethiopia,ETH,2019,4.1862
Ethiopia,ETH,2020,4.2747
Ethiopia,ETH,2021,4.2415
Ethiopia,ETH,2022,4.0906
Ethiopia,ETH,2023,3.8609
Europe,,2011,6.1283507
Europe,,2014,6.1012
Europe,,2015,6.1376896
Europe,,2016,6.1653714
Europe,,2017,6.179738
Europe,,2018,6.2405405
Europe,,2019,6.301604
Europe,,2020,6.336716
Europe,,2021,6.3388677
Europe,,2022,6.3572164
Europe,,2023,6.3437443
Finland,FIN,2011,7.579009
Finland,FIN,2014,7.406
Finland,FIN,2015,7.413
Finland,FIN,2016,7.469
Finland,FIN,2017,7.6321
Finland,FIN,2018,7.7689
Finland,FIN,2019,7.8087
Finland,FIN,2020,7.8421
Finland,FIN,2021,7.821
Finland,FIN,2022,7.8042
Finland,FIN,2023,7.7407
France,FRA,2011,6.746459
France,FRA,2014,6.575
France,FRA,2015,6.478
France,FRA,2016,6.442
France,FRA,2017,6.4893
France,FRA,2018,6.5921
France,FRA,2019,6.6638
France,FRA,2020,6.6899
France,FRA,2021,6.6867
France,FRA,2022,6.6613
France,FRA,2023,6.609
Gabon,GAB,2014,3.896
Gabon,GAB,2015,4.121
Gabon,GAB,2016,4.465
Gabon,GAB,2017,4.7583
Gabon,GAB,2018,4.7992
Gabon,GAB,2019,4.8293
Gabon,GAB,2020,4.8518
Gabon,GAB,2021,4.9583
Gabon,GAB,2022,5.0347
Gabon,GAB,2023,5.1063
Gambia,GMB,2018,4.5163
Gambia,GMB,2019,4.7506
Gambia,GMB,2020,5.051
Gambia,GMB,2021,5.1636
Gambia,GMB,2022,4.2794
Gambia,GMB,2023,4.4849
Georgia,GEO,2011,3.892324
Georgia,GEO,2014,4.297
Georgia,GEO,2015,4.252
Georgia,GEO,2016,4.286
Georgia,GEO,2017,4.3405
Georgia,GEO,2018,4.5191
Georgia,GEO,2019,4.6726
Georgia,GEO,2020,4.8914
Georgia,GEO,2021,4.9732
Georgia,GEO,2022,5.1091
Georgia,GEO,2023,5.1847
Germany,DEU,2011,6.572111
Germany,DEU,2014,6.75
Germany,DEU,2015,6.994
Germany,DEU,2016,6.951
Germany,DEU,2017,6.9647
Germany,DEU,2018,6.985
Germany,DEU,2019,7.0758
Germany,DEU,2020,7.1545
Germany,DEU,2021,7.0341
Germany,DEU,2022,6.8918
Germany,DEU,2023,6.7185
Ghana,GHA,2011,4.704951
Ghana,GHA,2014,4.633
Ghana,GHA,2015,4.276
Ghana,GHA,2016,4.12
Ghana,GHA,2017,4.657
Ghana,GHA,2018,4.9963
Ghana,GHA,2019,5.148
Ghana,GHA,2020,5.0884
Ghana,GHA,2021,4.872
Ghana,GHA,2022,4.605
Ghana,GHA,2023,4.2894
Greece,GRC,2011,6.132965
Greece,GRC,2014,4.857
Greece,GRC,2015,5.033
Greece,GRC,2016,5.227
Greece,GRC,2017,5.3579
Greece,GRC,2018,5.2867
Greece,GRC,2019,5.515
Greece,GRC,2020,5.7226
Greece,GRC,2021,5.9482
Greece,GRC,2022,5.9309
Greece,GRC,2023,5.9336
Guatemala,GTM,2011,6.276682
Guatemala,GTM,2014,6.123
Guatemala,GTM,2015,6.324
Guatemala,GTM,2016,6.454
Guatemala,GTM,2017,6.3819
Guatemala,GTM,2018,6.4362
Guatemala,GTM,2019,6.3989
Guatemala,GTM,2020,6.4345
Guatemala,GTM,2021,6.2622
Guatemala,GTM,2022,6.1503
Guatemala,GTM,2023,6.287
Guinea,GIN,2011,4.170938
Guinea,GIN,2014,3.656
Guinea,GIN,2015,3.607
Guinea,GIN,2016,3.507
Guinea,GIN,2017,3.9641
Guinea,GIN,2018,4.5344
Guinea,GIN,2019,4.9493
Guinea,GIN,2020,4.9843
Guinea,GIN,2021,4.8905
Guinea,GIN,2022,5.0717
Guinea,GIN,2023,5.0233
Guyana,GUY,2011,5.992826
Haiti,HTI,2011,3.788652
Haiti,HTI,2014,4.518
Haiti,HTI,2015,4.028
Haiti,HTI,2016,3.603
Haiti,HTI,2017,3.582
Haiti,HTI,2018,3.5969
Haiti,HTI,2019,3.7208
Haiti,HTI,2020,3.6149
High-income countries,,2011,6.681568
High-income countries,,2014,6.59463
High-income countries,,2015,6.595337
High-income countries,,2016,6.568685
High-income countries,,2017,6.565491
High-income countries,,2018,6.6075864
High-income countries,,2019,6.652634
High-income countries,,2020,6.674525
High-income countries,,2021,6.685782
High-income countries,,2022,6.6512623
High-income countries,,2023,6.5821767
Honduras,HND,2011,5.564011
Honduras,HND,2014,4.788
Honduras,HND,2015,4.871
Honduras,HND,2016,5.181
Honduras,HND,2017,5.504
Honduras,HND,2018,5.8604
Honduras,HND,2019,5.9532
Honduras,HND,2020,5.9192
Honduras,HND,2021,6.0221
Honduras,HND,2022,6.0225
Honduras,HND,2023,5.9684
Hong Kong,HKG,2011,5.423889
Hong Kong,HKG,2014,5.474
Hong Kong,HKG,2015,5.458
Hong Kong,HKG,2016,5.472
Hong Kong,HKG,2017,5.4304
Hong Kong,HKG,2018,5.4304
Hong Kong,HKG,2019,5.5104
Hong Kong,HKG,2020,5.4767
Hong Kong,HKG,2021,5.4248
Hong Kong,HKG,2022,5.3085
Hong Kong,HKG,2023,5.3164
Hungary,HUN,2011,4.942787
Hungary,HUN,2014,4.8
Hungary,HUN,2015,5.145
Hungary,HUN,2016,5.324
Hungary,HUN,2017,5.62
Hungary,HUN,2018,5.7583
Hungary,HUN,2019,6.0004
Hungary,HUN,2020,5.9916
Hungary,HUN,2021,6.0859
Hungary,HUN,2022,6.0412
Hungary,HUN,2023,6.0169
Iceland,ISL,2011,6.888284
Iceland,ISL,2014,7.561
Iceland,ISL,2015,7.501
Iceland,ISL,2016,7.504
Iceland,ISL,2017,7.4952
Iceland,ISL,2018,7.4936
Iceland,ISL,2019,7.5045
Iceland,ISL,2020,7.5539
Iceland,ISL,2021,7.5575
Iceland,ISL,2022,7.5296
Iceland,ISL,2023,7.5251
India,IND,2011,4.974501
India,IND,2014,4.565
India,IND,2015,4.404
India,IND,2016,4.315
India,IND,2017,4.1898
India,IND,2018,4.0152
India,IND,2019,3.5733
India,IND,2020,3.8189
India,IND,2021,3.7771
India,IND,2022,4.0358
India,IND,2023,4.0541
Indonesia,IDN,2011,5.158751
Indonesia,IDN,2014,5.399
Indonesia,IDN,2015,5.314
Indonesia,IDN,2016,5.262
Indonesia,IDN,2017,5.0926
Indonesia,IDN,2018,5.1924
Indonesia,IDN,2019,5.2856
Indonesia,IDN,2020,5.3445
Indonesia,IDN,2021,5.2396
Indonesia,IDN,2022,5.2769
Indonesia,IDN,2023,5.5683
Iran,IRN,2011,5.149403
Iran,IRN,2014,4.686
Iran,IRN,2015,4.813
Iran,IRN,2016,4.692
Iran,IRN,2017,4.7066
Iran,IRN,2018,4.548
Iran,IRN,2019,4.6724
Iran,IRN,2020,4.7212
Iran,IRN,2021,4.8879
Iran,IRN,2022,4.8763
Iran,IRN,2023,4.9228
Iraq,IRQ,2011,4.881612
Iraq,IRQ,2014,4.677
Iraq,IRQ,2015,4.575
Iraq,IRQ,2016,4.497
Iraq,IRQ,2017,4.4556
Iraq,IRQ,2018,4.4372
Iraq,IRQ,2019,4.7848
Iraq,IRQ,2020,4.8541
Iraq,IRQ,2021,4.9409
Iraq,IRQ,2022,4.9409
Iraq,IRQ,2023,5.166
Ireland,IRL,2011,7.284488
Ireland,IRL,2014,6.94
Ireland,IRL,2015,6.907
Ireland,IRL,2016,6.977
Ireland,IRL,2017,6.9771
Ireland,IRL,2018,7.0211
Ireland,IRL,2019,7.0937
Ireland,IRL,2020,7.0853
Ireland,IRL,2021,7.0408
Ireland,IRL,2022,6.9108
Ireland,IRL,2023,6.838
Israel,ISR,2011,7.198713
Israel,ISR,2014,7.278
Israel,ISR,2015,7.267
Israel,ISR,2016,7.213
Israel,ISR,2017,7.19
Israel,ISR,2018,7.1387
Israel,ISR,2019,7.1286
Israel,ISR,2020,7.1571
Israel,ISR,2021,7.3638
Israel,ISR,2022,7.4729
Israel,ISR,2023,7.3411
Italy,ITA,2011,6.578179
Italy,ITA,2014,5.948
Italy,ITA,2015,5.977
Italy,ITA,2016,5.964
Italy,ITA,2017,6.0004
Italy,ITA,2018,6.2234
Italy,ITA,2019,6.3874
Italy,ITA,2020,6.4831
Italy,ITA,2021,6.4667
Italy,ITA,2022,6.4045
Italy,ITA,2023,6.3235
Jamaica,JAM,2011,6.207882
Jamaica,JAM,2014,5.709
Jamaica,JAM,2015,5.51
Jamaica,JAM,2016,5.311
Jamaica,JAM,2017,5.8898
Jamaica,JAM,2018,5.8898
Jamaica,JAM,2019,5.8898
Jamaica,JAM,2020,6.3092
Jamaica,JAM,2021,5.8496
Jamaica,JAM,2022,5.7027
Jamaica,JAM,2023,5.8417
Japan,JPN,2011,6.059098
Japan,JPN,2014,5.987
Japan,JPN,2015,5.921
Japan,JPN,2016,5.92
Japan,JPN,2017,5.915
Japan,JPN,2018,5.8861
Japan,JPN,2019,5.8708
Japan,JPN,2020,5.9405
Japan,JPN,2021,6.0389
Japan,JPN,2022,6.129
Japan,JPN,2023,6.0598
Jordan,JOR,2011,5.706185
Jordan,JOR,2014,5.192
Jordan,JOR,2015,5.303
Jordan,JOR,2016,5.336
Jordan,JOR,2017,5.1607
Jordan,JOR,2018,4.9057
Jordan,JOR,2019,4.6334
Jordan,JOR,2020,4.3946
Jordan,JOR,2021,4.1521
Jordan,JOR,2022,4.1198
Jordan,JOR,2023,4.1858
Kazakhstan,KAZ,2011,5.594488
Kazakhstan,KAZ,2014,5.855
Kazakhstan,KAZ,2015,5.919
Kazakhstan,KAZ,2016,5.819
Kazakhstan,KAZ,2017,5.7901
Kazakhstan,KAZ,2018,5.8088
Kazakhstan,KAZ,2019,6.0579
Kazakhstan,KAZ,2020,6.1518
Kazakhstan,KAZ,2021,6.2341
Kazakhstan,KAZ,2022,6.1439
Kazakhstan,KAZ,2023,6.1875
Kenya,KEN,2011,4.180273
Kenya,KEN,2014,4.419
Kenya,KEN,2015,4.356
Kenya,KEN,2016,4.553
Kenya,KEN,2017,4.4097
Kenya,KEN,2018,4.5086
Kenya,KEN,2019,4.583
Kenya,KEN,2020,4.6066
Kenya,KEN,2021,4.543
Kenya,KEN,2022,4.4866
Kenya,KEN,2023,4.4696
Kosovo,OWID_KOS,2011,5.420175
Kosovo,OWID_KOS,2014,5.589
Kosovo,OWID_KOS,2015,5.401
Kosovo,OWID_KOS,2016,5.279
Kosovo,OWID_KOS,2017,5.6621
Kosovo,OWID_KOS,2018,6.1
Kosovo,OWID_KOS,2019,6.3252
Kosovo,OWID_KOS,2020,6.372
Kosovo,OWID_KOS,2021,6.4551
Kosovo,OWID_KOS,2022,6.3676
Kosovo,OWID_KOS,2023,6.561
Kuwait,KWT,2011,6.574075
Kuwait,KWT,2014,6.295
Kuwait,KWT,2015,6.239
Kuwait,KWT,2016,6.105
Kuwait,KWT,2017,6.0834
Kuwait,KWT,2018,6.0207
Kuwait,KWT,2019,6.1021
Kuwait,KWT,2020,6.1061
Kuwait,KWT,2021,6.1061
Kuwait,KWT,2023,6.9514
Kyrgyzstan,KGZ,2011,4.828298
Kyrgyzstan,KGZ,2014,5.286
Kyrgyzstan,KGZ,2015,5.185
Kyrgyzstan,KGZ,2016,5.004
Kyrgyzstan,KGZ,2017,5.1308
Kyrgyzstan,KGZ,2018,5.2607
Kyrgyzstan,KGZ,2019,5.5415
Kyrgyzstan,KGZ,2020,5.7436
Kyrgyzstan,KGZ,2021,5.8285
Kyrgyzstan,KGZ,2022,5.8253
Kyrgyzstan,KGZ,2023,5.7135
Laos,LAO,2011,5.161074
Laos,LAO,2014,4.876
Laos,LAO,2015,4.876
Laos,LAO,2017,4.6231
Laos,LAO,2018,4.7963
Laos,LAO,2019,4.8886
Laos,LAO,2020,5.03
Laos,LAO,2021,5.1403
Laos,LAO,2022,5.1107
Laos,LAO,2023,5.1389
Latvia,LVA,2011,4.76201
Latvia,LVA,2014,5.098
Latvia,LVA,2015,5.56
Latvia,LVA,2016,5.85
Latvia,LVA,2017,5.9331
Latvia,LVA,2018,5.9397
Latvia,LVA,2019,5.95
Latvia,LVA,2020,6.032
Latvia,LVA,2021,6.1804
Latvia,LVA,2022,6.2127
Latvia,LVA,2023,6.2345
Lebanon,LBN,2011,5.049216
Lebanon,LBN,2014,4.839
Lebanon,LBN,2015,5.129
Lebanon,LBN,2016,5.225
Lebanon,LBN,2017,5.1989
Lebanon,LBN,2018,5.1973
Lebanon,LBN,2019,4.7715
Lebanon,LBN,2020,4.5838
Lebanon,LBN,2021,2.9553
Lebanon,LBN,2022,2.3922
Lebanon,LBN,2023,2.7065
Lesotho,LSO,2014,4.898
Lesotho,LSO,2016,3.808
Lesotho,LSO,2017,3.8082
Lesotho,LSO,2018,3.8019
Lesotho,LSO,2019,3.6528
Lesotho,LSO,2020,3.5118
Lesotho,LSO,2021,3.5118
Lesotho,LSO,2023,3.1862
Liberia,LBR,2011,4.039651
Liberia,LBR,2014,4.571
Liberia,LBR,2015,3.622
Liberia,LBR,2016,3.533
Liberia,LBR,2017,3.4954
Liberia,LBR,2018,3.9753
Liberia,LBR,2019,4.5579
Liberia,LBR,2020,4.6252
Liberia,LBR,2021,5.1215
Liberia,LBR,2022,4.0423
Liberia,LBR,2023,4.2686
Libya,LBY,2011,5.177599
Libya,LBY,2014,5.754
Libya,LBY,2015,5.615
Libya,LBY,2016,5.525
Libya,LBY,2017,5.5657
Libya,LBY,2018,5.5253
Libya,LBY,2019,5.4888
Libya,LBY,2020,5.4103
Libya,LBY,2021,5.3302
Libya,LBY,2023,5.8663
Lithuania,LTU,2011,5.588069
Lithuania,LTU,2014,5.833
Lithuania,LTU,2015,5.813
Lithuania,LTU,2016,5.902
Lithuania,LTU,2017,5.9519
Lithuania,LTU,2018,6.149
Lithuania,LTU,2019,6.2155
Lithuania,LTU,2020,6.2554
Lithuania,LTU,2021,6.4456
Lithuania,LTU,2022,6.763
Lithuania,LTU,2023,6.8175
Low-income countries,,2011,4.1816053
Low-income countries,,2014,4.1220455
Low-income countries,,2015,4.0098686
Low-income countries,,2016,4.0824404
Low-income countries,,2017,4.062366
Low-income countries,,2018,4.081159
Low-income countries,,2019,4.0961123
Low-income countries,,2020,4.168991
Low-income countries,,2021,4.2000985
Low-income countries,,2022,3.8439217
Low-income countries,,2023,3.8080618
Lower-middle-income countries,,2011,4.908677
Lower-middle-income countries,,2014,4.6976223
Lower-middle-income countries,,2015,4.605488
Lower-middle-income countries,,2016,4.592434
Lower-middle-income countries,,2017,4.546617
Lower-middle-income countries,,2018,4.5023932
Lower-middle-income countries,,2019,4.324793
Lower-middle-income countries,,2020,4.406074
Lower-middle-income countries,,2021,4.3552337
Lower-middle-income countries,,2022,4.443347
Lower-middle-income countries,,2023,4.440429
Luxembourg,LUX,2011,7.050853
Luxembourg,LUX,2014,6.946
Luxembourg,LUX,2015,6.871
Luxembourg,LUX,2016,6.863
Luxembourg,LUX,2017,6.9099
Luxembourg,LUX,2018,7.0903
Luxembourg,LUX,2019,7.2375
Luxembourg,LUX,2020,7.3244
Luxembourg,LUX,2021,7.404
Luxembourg,LUX,2022,7.2279
Luxembourg,LUX,2023,7.1219
Madagascar,MDG,2011,4.309328
Madagascar,MDG,2014,3.681
Madagascar,MDG,2015,3.695
Madagascar,MDG,2016,3.644
Madagascar,MDG,2017,3.7736
Madagascar,MDG,2018,3.9327
Madagascar,MDG,2019,4.1656
Madagascar,MDG,2020,4.2085
Madagascar,MDG,2021,4.3391
Madagascar,MDG,2022,4.0191
Madagascar,MDG,2023,4.2279
Malawi,MWI,2011,4.623671
Malawi,MWI,2014,4.292
Malawi,MWI,2015,4.156
Malawi,MWI,2016,3.97
Malawi,MWI,2017,3.5868
Malawi,MWI,2018,3.4098
Malawi,MWI,2019,3.538
Malawi,MWI,2020,3.6
Malawi,MWI,2021,3.7504
Malawi,MWI,2022,3.4952
Malawi,MWI,2023,3.421
Malaysia,MYS,2011,5.823207
Malaysia,MYS,2014,5.77
Malaysia,MYS,2015,6.005
Malaysia,MYS,2016,6.084
Malaysia,MYS,2017,6.3221
Malaysia,MYS,2018,5.3388
Malaysia,MYS,2019,5.3843
Malaysia,MYS,2020,5.3843
Malaysia,MYS,2021,5.7113
Malaysia,MYS,2022,6.0123
Malaysia,MYS,2023,5.9752
Maldives,MDV,2019,5.1976
Maldives,MDV,2020,5.1976
Mali,MLI,2011,3.966874
Mali,MLI,2014,3.995
Mali,MLI,2015,4.073
Mali,MLI,2016,4.19
Mali,MLI,2017,4.447
Mali,MLI,2018,4.3904
Mali,MLI,2019,4.7293
Mali,MLI,2020,4.7235
Mali,MLI,2021,4.479
Mali,MLI,2022,4.1978
Mali,MLI,2023,4.232
Malta,MLT,2011,5.959978
Malta,MLT,2014,6.302
Malta,MLT,2015,6.488
Malta,MLT,2016,6.527
Malta,MLT,2017,6.6266
Malta,MLT,2018,6.7256
Malta,MLT,2019,6.7728
Malta,MLT,2020,6.602
Malta,MLT,2021,6.4469
Malta,MLT,2022,6.2999
Malta,MLT,2023,6.3458
Mauritania,MRT,2011,4.64289
Mauritania,MRT,2014,4.436
Mauritania,MRT,2015,4.201
Mauritania,MRT,2016,4.292
Mauritania,MRT,2017,4.3555
Mauritania,MRT,2018,4.4903
Mauritania,MRT,2019,4.3746
Mauritania,MRT,2020,4.2274
Mauritania,MRT,2021,4.1526
Mauritania,MRT,2022,4.7239
Mauritania,MRT,2023,4.5051
Mauritius,MUS,2011,5.477073
Mauritius,MUS,2014,5.477
Mauritius,MUS,2015,5.648
Mauritius,MUS,2016,5.629
Mauritius,MUS,2017,5.8915
Mauritius,MUS,2018,5.8882
Mauritius,MUS,2019,6.1013
Mauritius,MUS,2020,6.049
Mauritius,MUS,2021,6.0711
Mauritius,MUS,2022,5.9023
Mauritius,MUS,2023,5.8164
Mexico,MEX,2011,6.740288
Mexico,MEX,2014,7.187
Mexico,MEX,2015,6.778
Mexico,MEX,2016,6.578
Mexico,MEX,2017,6.4882
Mexico,MEX,2018,6.5945
Mexico,MEX,2019,6.465
Mexico,MEX,2020,6.3168
Mexico,MEX,2021,6.1276
Mexico,MEX,2022,6.3295
Mexico,MEX,2023,6.678
Moldova,MDA,2011,5.3054
Moldova,MDA,2014,5.889
Moldova,MDA,2015,5.897
Moldova,MDA,2016,5.838
Moldova,MDA,2017,5.6397
Moldova,MDA,2018,5.5285
Moldova,MDA,2019,5.6075
Moldova,MDA,2020,5.7664
Moldova,MDA,2021,5.8568
Moldova,MDA,2022,5.8192
Moldova,MDA,2023,5.8159
Mongolia,MNG,2011,4.562082
Mongolia,MNG,2014,4.874
Mongolia,MNG,2015,4.907
Mongolia,MNG,2016,4.955
Mongolia,MNG,2017,5.1246
Mongolia,MNG,2018,5.2854
Mongolia,MNG,2019,5.4562
Mongolia,MNG,2020,5.6772
Mongolia,MNG,2021,5.7607
Mongolia,MNG,2022,5.8402
Mongolia,MNG,2023,5.6962
Montenegro,MNE,2011,5.146845
Montenegro,MNE,2014,5.192
Montenegro,MNE,2015,5.161
Montenegro,MNE,2016,5.237
Montenegro,MNE,2017,5.3475
Montenegro,MNE,2018,5.5229
Montenegro,MNE,2019,5.5461
Montenegro,MNE,2020,5.5805
Montenegro,MNE,2021,5.5468
Montenegro,MNE,2022,5.7222
Montenegro,MNE,2023,5.707
Morocco,MAR,2011,4.793151
Morocco,MAR,2014,5.013
Morocco,MAR,2015,5.151
Morocco,MAR,2016,5.235
Morocco,MAR,2017,5.2537
Morocco,MAR,2018,5.2081
Morocco,MAR,2019,5.0948
Morocco,MAR,2020,4.918
Morocco,MAR,2021,5.0599
Morocco,MAR,2022,4.9028
Morocco,MAR,2023,4.7947
Mozambique,MOZ,2011,4.692764
Mozambique,MOZ,2014,4.971
Mozambique,MOZ,2016,4.55
Mozambique,MOZ,2017,4.4166
Mozambique,MOZ,2018,4.4662
Mozambique,MOZ,2019,4.6236
Mozambique,MOZ,2020,4.7945
Mozambique,MOZ,2021,5.0483
Mozambique,MOZ,2022,4.954
Mozambique,MOZ,2023,5.2164
Myanmar,MMR,2011,5.321977
Myanmar,MMR,2014,4.307
Myanmar,MMR,2015,4.395
Myanmar,MMR,2016,4.545
Myanmar,MMR,2017,4.3078
Myanmar,MMR,2018,4.3604
Myanmar,MMR,2019,4.308
Myanmar,MMR,2020,4.4258
Myanmar,MMR,2021,4.3942
Myanmar,MMR,2022,4.3725
Myanmar,MMR,2023,4.3545
Namibia,NAM,2011,4.885587
Namibia,NAM,2015,4.574
Namibia,NAM,2016,4.574
Namibia,NAM,2017,4.4413
Namibia,NAM,2018,4.6392
Namibia,NAM,2019,4.5711
Namibia,NAM,2020,4.5741
Namibia,NAM,2021,4.4594
Namibia,NAM,2022,4.6308
Namibia,NAM,2023,4.8317
Nepal,NPL,2011,4.474119
Nepal,NPL,2014,4.514
Nepal,NPL,2015,4.793
Nepal,NPL,2016,4.962
Nepal,NPL,2017,4.8804
Nepal,NPL,2018,4.9127
Nepal,NPL,2019,5.1372
Nepal,NPL,2020,5.2689
Nepal,NPL,2021,5.3765
Nepal,NPL,2022,5.3603
Nepal,NPL,2023,5.1584
Netherlands,NLD,2011,7.512336
Netherlands,NLD,2014,7.378
Netherlands,NLD,2015,7.339
Netherlands,NLD,2016,7.377
Netherlands,NLD,2017,7.4413
Netherlands,NLD,2018,7.4876
Netherlands,NLD,2019,7.4489
Netherlands,NLD,2020,7.464
Netherlands,NLD,2021,7.4149
Netherlands,NLD,2022,7.403
Netherlands,NLD,2023,7.3194
New Zealand,NZL,2011,7.372486
New Zealand,NZL,2014,7.286
New Zealand,NZL,2015,7.334
New Zealand,NZL,2016,7.314
New Zealand,NZL,2017,7.3238
New Zealand,NZL,2018,7.3075
New Zealand,NZL,2019,7.2996
New Zealand,NZL,2020,7.2766
New Zealand,NZL,2021,7.1998
New Zealand,NZL,2022,7.1229
New Zealand,NZL,2023,7.0292
Nicaragua,NIC,2011,5.114866
Nicaragua,NIC,2014,5.828
Nicaragua,NIC,2015,5.992
Nicaragua,NIC,2016,6.071
Nicaragua,NIC,2017,6.141
Nicaragua,NIC,2018,6.105
Nicaragua,NIC,2019,6.1371
Nicaragua,NIC,2020,5.9721
Nicaragua,NIC,2021,6.1646
Nicaragua,NIC,2022,6.2588
Nicaragua,NIC,2023,6.2839
Niger,NER,2011,4.121817
Niger,NER,2014,3.845
Niger,NER,2015,3.856
Niger,NER,2016,4.028
Niger,NER,2017,4.1655
Niger,NER,2018,4.6275
Niger,NER,2019,4.9096
Niger,NER,2020,5.0741
Niger,NER,2021,5.0035
Niger,NER,2022,4.5013
Niger,NER,2023,4.5563
Nigeria,NGA,2011,4.855947
Nigeria,NGA,2014,5.268
Nigeria,NGA,2015,4.875
Nigeria,NGA,2016,5.074
Nigeria,NGA,2017,5.1554
Nigeria,NGA,2018,5.2646
Nigeria,NGA,2019,4.7241
Nigeria,NGA,2020,4.7593
Nigeria,NGA,2021,4.552
Nigeria,NGA,2022,4.9806
Nigeria,NGA,2023,4.8808
North America,,2011,6.9231167
North America,,2014,6.957717
North America,,2015,6.8593993
North America,,2016,6.742665
North America,,2017,6.670238
North America,,2018,6.7046747
North America,,2019,6.709247
North America,,2020,6.6669545
North America,,2021,6.6924686
North America,,2022,6.676801
North America,,2023,6.667126
North Macedonia,MKD,2011,4.369255
North Macedonia,MKD,2014,5.007
North Macedonia,MKD,2015,5.121
North Macedonia,MKD,2016,5.175
North Macedonia,MKD,2017,5.1848
North Macedonia,MKD,2018,5.2736
North Macedonia,MKD,2019,5.1598
North Macedonia,MKD,2020,5.1012
North Macedonia,MKD,2021,5.199
North Macedonia,MKD,2022,5.2536
North Macedonia,MKD,2023,5.3691
Northern Cyprus,OWID_CYN,2014,5.695
Northern Cyprus,OWID_CYN,2015,5.771
Northern Cyprus,OWID_CYN,2016,5.81
Northern Cyprus,OWID_CYN,2017,5.8348
Northern Cyprus,OWID_CYN,2018,5.7177
Northern Cyprus,OWID_CYN,2019,5.5355
Northern Cyprus,OWID_CYN,2020,5.5355
Northern Cyprus,OWID_CYN,2021,5.4666
Norway,NOR,2011,7.524001
Norway,NOR,2014,7.522
Norway,NOR,2015,7.498
Norway,NOR,2016,7.537
Norway,NOR,2017,7.5937
Norway,NOR,2018,7.5539
Norway,NOR,2019,7.488
Norway,NOR,2020,7.3925
Norway,NOR,2021,7.3651
Norway,NOR,2022,7.3155
Norway,NOR,2023,7.3017
Oceania,,2011,7.34919
Oceania,,2014,7.2843227
Oceania,,2015,7.3163934
Oceania,,2016,7.2888517
Oceania,,2017,7.280464
Oceania,,2018,7.2409005
Oceania,,2019,7.2353625
Oceania,,2020,7.1988325
Oceania,,2021,7.1683283
Oceania,,2022,7.099279
Oceania,,2023,7.0523267
Oman,OMN,2014,6.853
Pakistan,PAK,2011,5.1487
Pakistan,PAK,2014,5.194
Pakistan,PAK,2015,5.132
Pakistan,PAK,2016,5.269
Pakistan,PAK,2017,5.4725
Pakistan,PAK,2018,5.653
Pakistan,PAK,2019,5.6933
Pakistan,PAK,2020,4.934
Pakistan,PAK,2021,4.5158
Pakistan,PAK,2022,4.5554
Pakistan,PAK,2023,4.6567
Palestine,PSE,2011,4.55501
Palestine,PSE,2014,4.715
Palestine,PSE,2015,4.754
Palestine,PSE,2016,4.775
Palestine,PSE,2017,4.7433
Palestine,PSE,2018,4.6963
Palestine,PSE,2019,4.5528
Palestine,PSE,2020,4.5167
Palestine,PSE,2021,4.4825
Palestine,PSE,2022,4.9078
Palestine,PSE,2023,4.8795
Panama,PAN,2011,6.862561
Panama,PAN,2014,6.786
Panama,PAN,2015,6.701
Panama,PAN,2016,6.452
Panama,PAN,2017,6.43
Panama,PAN,2018,6.3213
Panama,PAN,2019,6.3048
Panama,PAN,2020,6.1796
Panama,PAN,2021,6.3091
Panama,PAN,2022,6.2645
Panama,PAN,2023,6.3582
Paraguay,PRY,2011,5.398257
Paraguay,PRY,2014,5.878
Paraguay,PRY,2015,5.538
Paraguay,PRY,2016,5.493
Paraguay,PRY,2017,5.6806
Paraguay,PRY,2018,5.7427
Paraguay,PRY,2019,5.6921
Paraguay,PRY,2020,5.6526
Paraguay,PRY,2021,5.5783
Paraguay,PRY,2022,5.7378
Paraguay,PRY,2023,5.9765
Peru,PER,2011,5.25838
Peru,PER,2014,5.824
Peru,PER,2015,5.743
Peru,PER,2016,5.715
Peru,PER,2017,5.6632
Peru,PER,2018,5.6971
Peru,PER,2019,5.7968
Peru,PER,2020,5.8396
Peru,PER,2021,5.5591
Peru,PER,2022,5.5259
Peru,PER,2023,5.8409
Philippines,PHL,2011,4.825137
Philippines,PHL,2014,5.073
Philippines,PHL,2015,5.279
Philippines,PHL,2016,5.43
Philippines,PHL,2017,5.5241
Philippines,PHL,2018,5.6314
Philippines,PHL,2019,6.006
Philippines,PHL,2020,5.8802
Philippines,PHL,2021,5.9036
Philippines,PHL,2022,5.5229
Philippines,PHL,2023,6.0476
Poland,POL,2011,5.803043
Poland,POL,2014,5.791
Poland,POL,2015,5.835
Poland,POL,2016,5.973
Poland,POL,2017,6.123
Poland,POL,2018,6.1817
Poland,POL,2019,6.1863
Poland,POL,2020,6.1661
Poland,POL,2021,6.1228
Poland,POL,2022,6.2597
Poland,POL,2023,6.4415
Portugal,PRT,2011,5.327314
Portugal,PRT,2014,5.102
Portugal,PRT,2015,5.123
Portugal,PRT,2016,5.195
Portugal,PRT,2017,5.4104
Portugal,PRT,2018,5.6925
Portugal,PRT,2019,5.9109
Portugal,PRT,2020,5.929
Portugal,PRT,2021,6.0163
Portugal,PRT,2022,5.968
Portugal,PRT,2023,6.0296
Puerto Rico,PRI,2011,6.592634
Puerto Rico,PRI,2015,7.039
Qatar,QAT,2011,6.569056
Qatar,QAT,2014,6.611
Qatar,QAT,2015,6.375
Qatar,QAT,2016,6.375
Qatar,QAT,2017,6.3745
Qatar,QAT,2018,6.3745
Romania,ROU,2011,5.178499
Romania,ROU,2014,5.124
Romania,ROU,2015,5.528
Romania,ROU,2016,5.825
Romania,ROU,2017,5.9452
Romania,ROU,2018,6.0697
Romania,ROU,2019,6.1237
Romania,ROU,2020,6.14
Romania,ROU,2021,6.477
Romania,ROU,2022,6.5891
Romania,ROU,2023,6.4912
Russia,RUS,2011,5.284313
Russia,RUS,2014,5.716
Russia,RUS,2015,5.856
Russia,RUS,2016,5.963
Russia,RUS,2017,5.8097
Russia,RUS,2018,5.6479
Russia,RUS,2019,5.546
Russia,RUS,2020,5.4772
Russia,RUS,2021,5.4586
Russia,RUS,2022,5.6607
Russia,RUS,2023,5.7853
Rwanda,RWA,2011,4.203909
Rwanda,RWA,2014,3.465
Rwanda,RWA,2015,3.515
Rwanda,RWA,2016,3.471
Rwanda,RWA,2017,3.4081
Rwanda,RWA,2018,3.3338
Rwanda,RWA,2019,3.3123
Rwanda,RWA,2020,3.4147
Rwanda,RWA,2021,3.2682
Saudi Arabia,SAU,2011,6.597326
Saudi Arabia,SAU,2014,6.411
Saudi Arabia,SAU,2015,6.379
Saudi Arabia,SAU,2016,6.344
Saudi Arabia,SAU,2017,6.3709
Saudi Arabia,SAU,2018,6.3747
Saudi Arabia,SAU,2019,6.4065
Saudi Arabia,SAU,2020,6.494
Saudi Arabia,SAU,2021,6.5228
Saudi Arabia,SAU,2022,6.4626
Saudi Arabia,SAU,2023,6.5935
Senegal,SEN,2011,4.414183
Senegal,SEN,2014,3.904
Senegal,SEN,2015,4.219
Senegal,SEN,2016,4.535
Senegal,SEN,2017,4.6311
Senegal,SEN,2018,4.6811
Senegal,SEN,2019,4.9808
Senegal,SEN,2020,5.1318
Senegal,SEN,2021,5.0461
Senegal,SEN,2022,4.8551
Senegal,SEN,2023,4.9686
Serbia,SRB,2011,4.564279
Serbia,SRB,2014,5.123
Serbia,SRB,2015,5.177
Serbia,SRB,2016,5.395
Serbia,SRB,2017,5.3982
Serbia,SRB,2018,5.603
Serbia,SRB,2019,5.7782
Serbia,SRB,2020,6.0779
Serbia,SRB,2021,6.178
Serbia,SRB,2022,6.1436
Serbia,SRB,2023,6.4108
Sierra Leone,SLE,2011,3.585802
Sierra Leone,SLE,2014,4.507
Sierra Leone,SLE,2015,4.635
Sierra Leone,SLE,2016,4.709
Sierra Leone,SLE,2017,4.5706
Sierra Leone,SLE,2018,4.3742
Sierra Leone,SLE,2019,3.9264
Sierra Leone,SLE,2020,3.8494
Sierra Leone,SLE,2021,3.574
Sierra Leone,SLE,2022,3.1376
Sierra Leone,SLE,2023,3.2452
Singapore,SGP,2011,6.549302
Singapore,SGP,2014,6.798
Singapore,SGP,2015,6.739
Singapore,SGP,2016,6.572
Singapore,SGP,2017,6.3432
Singapore,SGP,2018,6.262
Singapore,SGP,2019,6.3771
Singapore,SGP,2020,6.3765
Singapore,SGP,2021,6.4802
Singapore,SGP,2022,6.5867
Singapore,SGP,2023,6.5228
Slovakia,SVK,2011,5.656836
Slovakia,SVK,2014,5.995
Slovakia,SVK,2015,6.078
Slovakia,SVK,2016,6.098
Slovakia,SVK,2017,6.1734
Slovakia,SVK,2018,6.1976
Slovakia,SVK,2019,6.2806
Slovakia,SVK,2020,6.3309
Slovakia,SVK,2021,6.3907
Slovakia,SVK,2022,6.4686
Slovakia,SVK,2023,6.2571
Slovenia,SVN,2011,5.922324
Slovenia,SVN,2014,5.848
Slovenia,SVN,2015,5.768
Slovenia,SVN,2016,5.758
Slovenia,SVN,2017,5.9476
Slovenia,SVN,2018,6.1177
Slovenia,SVN,2019,6.3634
Slovenia,SVN,2020,6.4607
Slovenia,SVN,2021,6.6301
Slovenia,SVN,2022,6.6499
Slovenia,SVN,2023,6.7433
Somalia,SOM,2015,5.44
Somalia,SOM,2016,5.151
Somalia,SOM,2017,4.9815
Somalia,SOM,2018,4.6679
Somaliland,OWID_SML,2011,4.690952
Somaliland,OWID_SML,2014,5.057
Somaliland,OWID_SML,2015,5.057
South Africa,ZAF,2011,5.10052
South Africa,ZAF,2014,4.642
South Africa,ZAF,2015,4.459
South Africa,ZAF,2016,4.829
South Africa,ZAF,2017,4.724
South Africa,ZAF,2018,4.7222
South Africa,ZAF,2019,4.8141
South Africa,ZAF,2020,4.9564
South Africa,ZAF,2021,5.1939
South Africa,ZAF,2022,5.2746
South Africa,ZAF,2023,5.422
South America,,2011,6.3739057
South America,,2014,6.6793714
South America,,2015,6.6070657
South America,,2016,6.3631525
South America,,2017,6.1778703
South America,,2018,6.071424
South America,,2019,6.1220994
South America,,2020,6.0601993
South America,,2021,5.985671
South America,,2022,5.9193406
South America,,2023,6.0824475
South Korea,KOR,2011,5.643442
South Korea,KOR,2014,5.984
South Korea,KOR,2015,5.835
South Korea,KOR,2016,5.838
South Korea,KOR,2017,5.8749
South Korea,KOR,2018,5.8947
South Korea,KOR,2019,5.8724
South Korea,KOR,2020,5.8455
South Korea,KOR,2021,5.9351
South Korea,KOR,2022,5.9511
South Korea,KOR,2023,6.0579
South Sudan,SSD,2015,3.832
South Sudan,SSD,2016,3.591
South Sudan,SSD,2017,3.2542
South Sudan,SSD,2018,2.8526
South Sudan,SSD,2019,2.8166
Spain,ESP,2011,6.761248
Spain,ESP,2014,6.329
Spain,ESP,2015,6.361
Spain,ESP,2016,6.403
Spain,ESP,2017,6.3099
Spain,ESP,2018,6.3541
Spain,ESP,2019,6.4009
Spain,ESP,2020,6.4907
Spain,ESP,2021,6.4763
Spain,ESP,2022,6.4362
Spain,ESP,2023,6.4209
Sri Lanka,LKA,2011,4.25961
Sri Lanka,LKA,2014,4.271
Sri Lanka,LKA,2015,4.415
Sri Lanka,LKA,2016,4.44
Sri Lanka,LKA,2017,4.4706
Sri Lanka,LKA,2018,4.3659
Sri Lanka,LKA,2019,4.327
Sri Lanka,LKA,2020,4.325
Sri Lanka,LKA,2021,4.3622
Sri Lanka,LKA,2022,4.4416
Sri Lanka,LKA,2023,3.8981
Sudan,SDN,2011,4.424363
Sudan,SDN,2014,4.55
Sudan,SDN,2015,4.139
Sudan,SDN,2016,4.139
Sudan,SDN,2017,4.1387
Suriname,SUR,2014,6.269
Suriname,SUR,2015,6.269
Sweden,SWE,2011,7.379463
Sweden,SWE,2014,7.364
Sweden,SWE,2015,7.291
Sweden,SWE,2016,7.284
Sweden,SWE,2017,7.3145
Sweden,SWE,2018,7.3433
Sweden,SWE,2019,7.3535
Sweden,SWE,2020,7.3627
Sweden,SWE,2021,7.3843
Sweden,SWE,2022,7.3952
Sweden,SWE,2023,7.3441
Switzerland,CHE,2011,7.498953
Switzerland,CHE,2014,7.587
Switzerland,CHE,2015,7.509
Switzerland,CHE,2016,7.494
Switzerland,CHE,2017,7.4873
Switzerland,CHE,2018,7.4802
Switzerland,CHE,2019,7.5599
Switzerland,CHE,2020,7.5715
Switzerland,CHE,2021,7.5116
Switzerland,CHE,2022,7.2401
Switzerland,CHE,2023,7.0602
Syria,SYR,2011,4.735339
Syria,SYR,2014,3.006
Syria,SYR,2015,3.069
Syria,SYR,2016,3.462
Syria,SYR,2017,3.4619
Syria,SYR,2018,3.4619
Taiwan,TWN,2011,5.987677
Taiwan,TWN,2014,6.298
Taiwan,TWN,2015,6.379
Taiwan,TWN,2016,6.422
Taiwan,TWN,2017,6.4406
Taiwan,TWN,2018,6.4462
Taiwan,TWN,2019,6.4554
Taiwan,TWN,2020,6.5844
Taiwan,TWN,2021,6.5125
Taiwan,TWN,2022,6.5354
Taiwan,TWN,2023,6.5035
Tajikistan,TJK,2011,4.613789
Tajikistan,TJK,2014,4.786
Tajikistan,TJK,2015,4.996
Tajikistan,TJK,2016,5.041
Tajikistan,TJK,2017,5.3525
Tajikistan,TJK,2018,5.4673
Tajikistan,TJK,2019,5.5557
Tajikistan,TJK,2020,5.4662
Tajikistan,TJK,2021,5.3771
Tajikistan,TJK,2022,5.3298
Tajikistan,TJK,2023,5.2807
Tanzania,TZA,2011,3.800163
Tanzania,TZA,2014,3.781
Tanzania,TZA,2015,3.666
Tanzania,TZA,2016,3.349
Tanzania,TZA,2017,3.3035
Tanzania,TZA,2018,3.2307
Tanzania,TZA,2019,3.4762
Tanzania,TZA,2020,3.6232
Tanzania,TZA,2021,3.7024
Tanzania,TZA,2022,3.6938
Tanzania,TZA,2023,3.7806
Thailand,THA,2011,5.80368
Thailand,THA,2014,6.455
Thailand,THA,2015,6.474
Thailand,THA,2016,6.424
Thailand,THA,2017,6.0723
Thailand,THA,2018,6.008
Thailand,THA,2019,5.9988
Thailand,THA,2020,5.9847
Thailand,THA,2021,5.8912
Thailand,THA,2022,5.843
Thailand,THA,2023,5.9761
Togo,TGO,2011,3.007487
Togo,TGO,2014,2.839
Togo,TGO,2015,3.303
Togo,TGO,2016,3.495
Togo,TGO,2017,3.9985
Togo,TGO,2018,4.0849
Togo,TGO,2019,4.1872
Togo,TGO,2020,4.1068
Togo,TGO,2021,4.1123
Togo,TGO,2022,4.1374
Togo,TGO,2023,4.2141
Trinidad and Tobago,TTO,2011,6.262625
Trinidad and Tobago,TTO,2014,6.168
Trinidad and Tobago,TTO,2015,6.168
Trinidad and Tobago,TTO,2016,6.168
Trinidad and Tobago,TTO,2017,6.1919
Trinidad and Tobago,TTO,2018,6.1919
Trinidad and Tobago,TTO,2019,6.1919
Tunisia,TUN,2011,5.140657
Tunisia,TUN,2014,4.739
Tunisia,TUN,2015,5.045
Tunisia,TUN,2016,4.805
Tunisia,TUN,2017,4.5924
Tunisia,TUN,2018,4.4606
Tunisia,TUN,2019,4.3922
Tunisia,TUN,2020,4.5965
Tunisia,TUN,2021,4.516
Tunisia,TUN,2022,4.4967
Tunisia,TUN,2023,4.4218
Turkey,TUR,2011,5.233999
Turkey,TUR,2014,5.332
Turkey,TUR,2015,5.389
Turkey,TUR,2016,5.5
Turkey,TUR,2017,5.4825
Turkey,TUR,2018,5.3726
Turkey,TUR,2019,5.1318
Turkey,TUR,2020,4.9476
Turkey,TUR,2021,4.7442
Turkey,TUR,2022,4.6135
Turkey,TUR,2023,4.9753
Turkmenistan,TKM,2011,6.567713
Turkmenistan,TKM,2014,5.548
Turkmenistan,TKM,2015,5.658
Turkmenistan,TKM,2016,5.822
Turkmenistan,TKM,2017,5.6362
Turkmenistan,TKM,2018,5.2467
Turkmenistan,TKM,2019,5.1191
Turkmenistan,TKM,2020,5.0664
Turkmenistan,TKM,2021,5.4743
Uganda,UGA,2011,4.313321
Uganda,UGA,2014,3.931
Uganda,UGA,2015,3.739
Uganda,UGA,2016,4.081
Uganda,UGA,2017,4.1608
Uganda,UGA,2018,4.1894
Uganda,UGA,2019,4.432
Uganda,UGA,2020,4.6365
Uganda,UGA,2021,4.6026
Uganda,UGA,2022,4.4325
Uganda,UGA,2023,4.3717
Ukraine,UKR,2011,5.089082
Ukraine,UKR,2014,4.681
Ukraine,UKR,2015,4.324
Ukraine,UKR,2016,4.096
Ukraine,UKR,2017,4.1029
Ukraine,UKR,2018,4.3322
Ukraine,UKR,2019,4.5607
Ukraine,UKR,2020,4.8748
Ukraine,UKR,2021,5.0841
Ukraine,UKR,2022,5.0714
Ukraine,UKR,2023,4.873
United Arab Emirates,ARE,2011,6.977243
United Arab Emirates,ARE,2014,6.901
United Arab Emirates,ARE,2015,6.573
United Arab Emirates,ARE,2016,6.648
United Arab Emirates,ARE,2017,6.7741
United Arab Emirates,ARE,2018,6.8245
United Arab Emirates,ARE,2019,6.7908
United Arab Emirates,ARE,2020,6.5605
United Arab Emirates,ARE,2021,6.576
United Arab Emirates,ARE,2022,6.5712
United Arab Emirates,ARE,2023,6.7331
United Kingdom,GBR,2011,6.936396
United Kingdom,GBR,2014,6.867
United Kingdom,GBR,2015,6.725
United Kingdom,GBR,2016,6.714
United Kingdom,GBR,2017,6.8143
United Kingdom,GBR,2018,7.0537
United Kingdom,GBR,2019,7.1645
United Kingdom,GBR,2020,7.0636
United Kingdom,GBR,2021,6.9425
United Kingdom,GBR,2022,6.7956
United Kingdom,GBR,2023,6.749
United States,USA,2011,7.270243
United States,USA,2014,7.119
United States,USA,2015,7.104
United States,USA,2016,6.993
United States,USA,2017,6.886
United States,USA,2018,6.8923
United States,USA,2019,6.9396
United States,USA,2020,6.9515
United States,USA,2021,6.9768
United States,USA,2022,6.8937
United States,USA,2023,6.7248
Upper-middle-income countries,,2011,5.191414
Upper-middle-income countries,,2014,5.550886
Upper-middle-income countries,,2015,5.576543
Upper-middle-income countries,,2016,5.5567946
Upper-middle-income countries,,2017,5.4787908
Upper-middle-income countries,,2018,5.4255037
Upper-middle-income countries,,2019,5.4028873
Upper-middle-income countries,,2020,5.4997654
Upper-middle-income countries,,2021,5.5977035
Upper-middle-income countries,,2022,5.729286
Upper-middle-income countries,,2023,5.9067183
Uruguay,URY,2011,5.898252
Uruguay,URY,2014,6.485
Uruguay,URY,2015,6.545
Uruguay,URY,2016,6.454
Uruguay,URY,2017,6.3788
Uruguay,URY,2018,6.2933
Uruguay,URY,2019,6.4401
Uruguay,URY,2020,6.4314
Uruguay,URY,2021,6.4736
Uruguay,URY,2022,6.4939
Uruguay,URY,2023,6.6115
Uzbekistan,UZB,2011,5.224832
Uzbekistan,UZB,2014,6.003
Uzbekistan,UZB,2015,5.987
Uzbekistan,UZB,2016,5.971
Uzbekistan,UZB,2017,6.0961
Uzbekistan,UZB,2018,6.1741
Uzbekistan,UZB,2019,6.2576
Uzbekistan,UZB,2020,6.1788
Uzbekistan,UZB,2021,6.0627
Uzbekistan,UZB,2022,6.0143
Uzbekistan,UZB,2023,6.195
Venezuela,VEN,2011,6.922258
Venezuela,VEN,2014,6.81
Venezuela,VEN,2015,6.084
Venezuela,VEN,2016,5.25
Venezuela,VEN,2017,4.8056
Venezuela,VEN,2018,4.7066
Venezuela,VEN,2019,5.0532
Venezuela,VEN,2020,4.8922
Venezuela,VEN,2021,4.9255
Venezuela,VEN,2022,5.2106
Venezuela,VEN,2023,5.6067
Vietnam,VNM,2011,5.425293
Vietnam,VNM,2014,5.36
Vietnam,VNM,2015,5.061
Vietnam,VNM,2016,5.074
Vietnam,VNM,2017,5.1032
Vietnam,VNM,2018,5.1753
Vietnam,VNM,2019,5.3535
Vietnam,VNM,2020,5.4108
Vietnam,VNM,2021,5.485
Vietnam,VNM,2022,5.7633
Vietnam,VNM,2023,6.043
World,OWID_WRL,2011,5.2651887
World,OWID_WRL,2014,5.2876306
World,OWID_WRL,2015,5.25061
World,OWID_WRL,2016,5.2296824
World,OWID_WRL,2017,5.1762795
World,OWID_WRL,2018,5.151496
World,OWID_WRL,2019,5.081043
World,OWID_WRL,2020,5.1670065
World,OWID_WRL,2021,5.1841474
World,OWID_WRL,2022,5.2261734
World,OWID_WRL,2023,5.266165
Yemen,YEM,2011,4.453632
Yemen,YEM,2014,4.077
Yemen,YEM,2015,3.724
Yemen,YEM,2016,3.593
Yemen,YEM,2017,3.3549
Yemen,YEM,2018,3.3798
Yemen,YEM,2019,3.5274
Yemen,YEM,2020,3.6579
Yemen,YEM,2021,4.1969
Yemen,YEM,2023,3.561
Zambia,ZMB,2011,4.704553
Zambia,ZMB,2014,5.129
Zambia,ZMB,2015,4.795
Zambia,ZMB,2016,4.514
Zambia,ZMB,2017,4.3771
Zambia,ZMB,2018,4.1066
Zambia,ZMB,2019,3.7594
Zambia,ZMB,2020,4.0734
Zambia,ZMB,2021,3.7598
Zambia,ZMB,2022,3.9822
Zambia,ZMB,2023,3.5024
Zimbabwe,ZWE,2011,3.978434
Zimbabwe,ZWE,2014,4.61
Zimbabwe,ZWE,2015,4.193
Zimbabwe,ZWE,2016,3.875
Zimbabwe,ZWE,2017,3.6923
Zimbabwe,ZWE,2018,3.6632
Zimbabwe,ZWE,2019,3.2992
Zimbabwe,ZWE,2020,3.1448
Zimbabwe,ZWE,2021,2.9951
Zimbabwe,ZWE,2022,3.2035
Zimbabwe,ZWE,2023,3.3411